WaferID, Point No , Film Thickness , Fit Rate , X[mm] , Y[mm] 
 GD2EG374JKG2,1,12474,952,0,-3.6
 GD2EG374JKG2,2,12472,954,19.3,-19.3
 GD2EG374JKG2,3,12470,955,19.3,19.3
 GD2EG374JKG2,4,12418,959,-47.5,-36.4
 GD2EG374JKG2,5,12414,960,-57.9,19.3
 GD2EG374JKG2,6,12423,959,-19.3,-57.9
 GD2EG374JKG2,7,12412,960,-19.3,57.9
 GD2EG374JKG2,8,12407,962,71.2,-3.6
 GD2EG374JKG2,9,12381,963,57.9,57.9
 GD2EG374JKG2,10,12358,964,-71.2,61.9
 GD2EG374JKG2,11,12374,963,19.3,-96.5
 GD2EG374JKG2,12,12344,965,19.3,96.5
 GD2EG374JKG2,13,12358,964,96.5,19.3
 GD2EG374JKG2,14,12361,964,71.2,-69.2
 GD2EG374JKG2,15,12325,965,-96.5,-57.9
 GD2EG374JKG2,16,12331,965,-57.9,-96.5
 GD2EG374JKG2,17,12314,966,-57.9,96.5
 GD2EG374JKG2,18,12320,966,94.9,61.8
 GD2EG374JKG2,19,12315,966,-118.6,-3.6
 GD2EG374JKG2,20,12281,968,0,127.4
 GD2EG374JKG2,21,12307,966,0,-134.7
 GD2EG374JKG2,22,12282,968,-96.5,96.5
 GD2EG374JKG2,23,12302,967,96.5,-96.5
 GD2EG374JKG2,24,12289,967,136.2,19.3
 GD2EG374JKG2,25,12381,963,71.2,127.4
 GD2EG374JKG2,26,12416,962,141.9,-35.9
 GD2EG374JKG2,27,12647,953,-136.2,-57.9
 GD2EG374JKG2,28,12634,953,-136.2,57.9
 GD2EG374JKG2,29,12658,953,-57.9,-136.2
 GD2EG374JKG2,30,12625,954,-57.9,136.2
 GD2EG374JKG2,31,12665,953,57.9,-136.2
 GD2EG374JKG2,32,12645,953,136.2,57.9
 FJ8FV462JKE3,1,12394,958,0,-3.6
 FJ8FV462JKE3,2,12408,959,19.3,-19.3
 FJ8FV462JKE3,3,12404,959,19.3,19.3
 FJ8FV462JKE3,4,12360,963,-47.5,-36.4
 FJ8FV462JKE3,5,12371,963,-57.9,19.3
 FJ8FV462JKE3,6,12356,963,-19.3,-57.9
 FJ8FV462JKE3,7,12364,963,-19.3,57.9
 FJ8FV462JKE3,8,12338,965,71.2,-3.6
 FJ8FV462JKE3,9,12311,966,57.9,57.9
 FJ8FV462JKE3,10,12296,966,-71.2,61.9
 FJ8FV462JKE3,11,12275,968,19.3,-96.5
 FJ8FV462JKE3,12,12281,967,19.3,96.5
 FJ8FV462JKE3,13,12283,967,96.5,19.3
 FJ8FV462JKE3,14,12277,967,71.2,-69.2
 FJ8FV462JKE3,15,12253,968,-96.5,-57.9
 FJ8FV462JKE3,16,12243,969,-57.9,-96.5
 FJ8FV462JKE3,17,12245,969,-57.9,96.5
 FJ8FV462JKE3,18,12255,969,94.9,61.8
 FJ8FV462JKE3,19,12231,969,-118.6,-3.6
 FJ8FV462JKE3,20,12232,969,0,127.4
 FJ8FV462JKE3,21,12214,970,0,-134.7
 FJ8FV462JKE3,22,12201,971,-96.5,96.5
 FJ8FV462JKE3,23,12207,970,96.5,-96.5
 FJ8FV462JKE3,24,12229,970,136.2,19.3
 FJ8FV462JKE3,25,12346,965,71.2,127.4
 FJ8FV462JKE3,26,12355,964,141.9,-35.9
 FJ8FV462JKE3,27,12563,956,-136.2,-57.9
 FJ8FV462JKE3,28,12544,956,-136.2,57.9
 FJ8FV462JKE3,29,12574,955,-57.9,-136.2
 FJ8FV462JKE3,30,12570,956,-57.9,136.2
 FJ8FV462JKE3,31,12568,955,57.9,-136.2
 FJ8FV462JKE3,32,12611,955,136.2,57.9
 GD7LB592JKE0,1,12462,955,0,-3.6
 GD7LB592JKE0,2,12448,957,19.3,-19.3
 GD7LB592JKE0,3,12444,957,19.3,19.3
 GD7LB592JKE0,4,12401,961,-47.5,-36.4
 GD7LB592JKE0,5,12406,961,-57.9,19.3
 GD7LB592JKE0,6,12397,961,-19.3,-57.9
 GD7LB592JKE0,7,12406,961,-19.3,57.9
 GD7LB592JKE0,8,12379,964,71.2,-3.6
 GD7LB592JKE0,9,12351,965,57.9,57.9
 GD7LB592JKE0,10,12368,964,-71.2,61.9
 GD7LB592JKE0,11,12330,965,19.3,-96.5
 GD7LB592JKE0,12,12322,966,19.3,96.5
 GD7LB592JKE0,13,12339,966,96.5,19.3
 GD7LB592JKE0,14,12327,966,71.2,-69.2
 GD7LB592JKE0,15,12336,965,-96.5,-57.9
 GD7LB592JKE0,16,12326,965,-57.9,-96.5
 GD7LB592JKE0,17,12327,966,-57.9,96.5
 GD7LB592JKE0,18,12307,967,94.9,61.8
 GD7LB592JKE0,19,12330,966,-118.6,-3.6
 GD7LB592JKE0,20,12283,968,0,127.4
 GD7LB592JKE0,21,12260,969,0,-134.7
 GD7LB592JKE0,22,12316,967,-96.5,96.5
 GD7LB592JKE0,23,12265,969,96.5,-96.5
 GD7LB592JKE0,24,12285,968,136.2,19.3
 GD7LB592JKE0,25,12376,964,71.2,127.4
 GD7LB592JKE0,26,12394,963,141.9,-35.9
 GD7LB592JKE0,27,12651,953,-136.2,-57.9
 GD7LB592JKE0,28,12695,953,-136.2,57.9
 GD7LB592JKE0,29,12616,954,-57.9,-136.2
 GD7LB592JKE0,30,12655,954,-57.9,136.2
 GD7LB592JKE0,31,12606,954,57.9,-136.2
 GD7LB592JKE0,32,12623,954,136.2,57.9
 GCAZB804MMG2,1,12419,958,0,-3.6
 GCAZB804MMG2,2,12423,959,19.3,-19.3
 GCAZB804MMG2,3,12430,959,19.3,19.3
 GCAZB804MMG2,4,12393,962,-47.5,-36.4
 GCAZB804MMG2,5,12393,961,-57.9,19.3
 GCAZB804MMG2,6,12383,962,-19.3,-57.9
 GCAZB804MMG2,7,12384,963,-19.3,57.9
 GCAZB804MMG2,8,12347,965,71.2,-3.6
 GCAZB804MMG2,9,12342,965,57.9,57.9
 GCAZB804MMG2,10,12325,965,-71.2,61.9
 GCAZB804MMG2,11,12305,966,19.3,-96.5
 GCAZB804MMG2,12,12317,966,19.3,96.5
 GCAZB804MMG2,13,12304,967,96.5,19.3
 GCAZB804MMG2,14,12298,967,71.2,-69.2
 GCAZB804MMG2,15,12283,967,-96.5,-57.9
 GCAZB804MMG2,16,12282,967,-57.9,-96.5
 GCAZB804MMG2,17,12297,967,-57.9,96.5
 GCAZB804MMG2,18,12284,968,94.9,61.8
 GCAZB804MMG2,19,12284,967,-118.6,-3.6
 GCAZB804MMG2,20,12284,968,0,127.4
 GCAZB804MMG2,21,12256,968,0,-134.7
 GCAZB804MMG2,22,12280,968,-96.5,96.5
 GCAZB804MMG2,23,12258,969,96.5,-96.5
 GCAZB804MMG2,24,12274,968,136.2,19.3
 GCAZB804MMG2,25,12393,963,71.2,127.4
 GCAZB804MMG2,26,12374,964,141.9,-35.9
 GCAZB804MMG2,27,12620,954,-136.2,-57.9
 GCAZB804MMG2,28,12610,955,-136.2,57.9
 GCAZB804MMG2,29,12620,954,-57.9,-136.2
 GCAZB804MMG2,30,12634,955,-57.9,136.2
 GCAZB804MMG2,31,12602,955,57.9,-136.2
 GCAZB804MMG2,32,12625,955,136.2,57.9
 GD2EG055JKE1,1,12514,954,0,-3.6
 GD2EG055JKE1,2,12492,956,19.3,-19.3
 GD2EG055JKE1,3,12496,956,19.3,19.3
 GD2EG055JKE1,4,12441,959,-47.5,-36.4
 GD2EG055JKE1,5,12442,959,-57.9,19.3
 GD2EG055JKE1,6,12436,959,-19.3,-57.9
 GD2EG055JKE1,7,12441,959,-19.3,57.9
 GD2EG055JKE1,8,12413,961,71.2,-3.6
 GD2EG055JKE1,9,12398,962,57.9,57.9
 GD2EG055JKE1,10,12390,962,-71.2,61.9
 GD2EG055JKE1,11,12375,962,19.3,-96.5
 GD2EG055JKE1,12,12376,963,19.3,96.5
 GD2EG055JKE1,13,12373,964,96.5,19.3
 GD2EG055JKE1,14,12373,963,71.2,-69.2
 GD2EG055JKE1,15,12352,963,-96.5,-57.9
 GD2EG055JKE1,16,12345,963,-57.9,-96.5
 GD2EG055JKE1,17,12356,963,-57.9,96.5
 GD2EG055JKE1,18,12354,964,94.9,61.8
 GD2EG055JKE1,19,12339,964,-118.6,-3.6
 GD2EG055JKE1,20,12336,965,0,127.4
 GD2EG055JKE1,21,12319,965,0,-134.7
 GD2EG055JKE1,22,12338,964,-96.5,96.5
 GD2EG055JKE1,23,12336,965,96.5,-96.5
 GD2EG055JKE1,24,12331,966,136.2,19.3
 GD2EG055JKE1,25,12455,960,71.2,127.4
 GD2EG055JKE1,26,12459,960,141.9,-35.9
 GD2EG055JKE1,27,12677,950,-136.2,-57.9
 GD2EG055JKE1,28,12697,950,-136.2,57.9
 GD2EG055JKE1,29,12688,950,-57.9,-136.2
 GD2EG055JKE1,30,12729,951,-57.9,136.2
 GD2EG055JKE1,31,12694,951,57.9,-136.2
 GD2EG055JKE1,32,12692,953,136.2,57.9
 GD1TV233JKE1,1,12446,956,0,-3.6
 GD1TV233JKE1,2,12430,958,19.3,-19.3
 GD1TV233JKE1,3,12432,958,19.3,19.3
 GD1TV233JKE1,4,12387,960,-47.5,-36.4
 GD1TV233JKE1,5,12384,960,-57.9,19.3
 GD1TV233JKE1,6,12379,960,-19.3,-57.9
 GD1TV233JKE1,7,12384,960,-19.3,57.9
 GD1TV233JKE1,8,12358,963,71.2,-3.6
 GD1TV233JKE1,9,12339,963,57.9,57.9
 GD1TV233JKE1,10,12324,963,-71.2,61.9
 GD1TV233JKE1,11,12324,963,19.3,-96.5
 GD1TV233JKE1,12,12318,964,19.3,96.5
 GD1TV233JKE1,13,12313,964,96.5,19.3
 GD1TV233JKE1,14,12317,964,71.2,-69.2
 GD1TV233JKE1,15,12296,964,-96.5,-57.9
 GD1TV233JKE1,16,12295,964,-57.9,-96.5
 GD1TV233JKE1,17,12298,964,-57.9,96.5
 GD1TV233JKE1,18,12290,966,94.9,61.8
 GD1TV233JKE1,19,12283,964,-118.6,-3.6
 GD1TV233JKE1,20,12275,967,0,127.4
 GD1TV233JKE1,21,12276,965,0,-134.7
 GD1TV233JKE1,22,12280,965,-96.5,96.5
 GD1TV233JKE1,23,12280,966,96.5,-96.5
 GD1TV233JKE1,24,12268,967,136.2,19.3
 GD1TV233JKE1,25,12392,962,71.2,127.4
 GD1TV233JKE1,26,12397,961,141.9,-35.9
 GD1TV233JKE1,27,12628,951,-136.2,-57.9
 GD1TV233JKE1,28,12624,950,-136.2,57.9
 GD1TV233JKE1,29,12634,950,-57.9,-136.2
 GD1TV233JKE1,30,12646,951,-57.9,136.2
 GD1TV233JKE1,31,12644,951,57.9,-136.2
 GD1TV233JKE1,32,12631,953,136.2,57.9
 GH1WJ243JKG6,1,12411,961,0,-3.6
 GH1WJ243JKG6,2,12443,959,19.3,-19.3
 GH1WJ243JKG6,3,12443,960,19.3,19.3
 GH1WJ243JKG6,4,12418,960,-47.5,-36.4
 GH1WJ243JKG6,5,12415,961,-57.9,19.3
 GH1WJ243JKG6,6,12410,961,-19.3,-57.9
 GH1WJ243JKG6,7,12414,961,-19.3,57.9
 GH1WJ243JKG6,8,12390,963,71.2,-3.6
 GH1WJ243JKG6,9,12380,963,57.9,57.9
 GH1WJ243JKG6,10,12368,963,-71.2,61.9
 GH1WJ243JKG6,11,12353,963,19.3,-96.5
 GH1WJ243JKG6,12,12360,964,19.3,96.5
 GH1WJ243JKG6,13,12362,964,96.5,19.3
 GH1WJ243JKG6,14,12357,964,71.2,-69.2
 GH1WJ243JKG6,15,12331,964,-96.5,-57.9
 GH1WJ243JKG6,16,12329,964,-57.9,-96.5
 GH1WJ243JKG6,17,12340,964,-57.9,96.5
 GH1WJ243JKG6,18,12339,965,94.9,61.8
 GH1WJ243JKG6,19,12321,965,-118.6,-3.6
 GH1WJ243JKG6,20,12316,966,0,127.4
 GH1WJ243JKG6,21,12307,966,0,-134.7
 GH1WJ243JKG6,22,12315,965,-96.5,96.5
 GH1WJ243JKG6,23,12320,966,96.5,-96.5
 GH1WJ243JKG6,24,12324,966,136.2,19.3
 GH1WJ243JKG6,25,12406,962,71.2,127.4
 GH1WJ243JKG6,26,12459,960,141.9,-35.9
 GH1WJ243JKG6,27,12680,954,-136.2,-57.9
 GH1WJ243JKG6,28,12684,954,-136.2,57.9
 GH1WJ243JKG6,29,12674,954,-57.9,-136.2
 GH1WJ243JKG6,30,12661,955,-57.9,136.2
 GH1WJ243JKG6,31,12683,955,57.9,-136.2
 GH1WJ243JKG6,32,12664,955,136.2,57.9
 WMCTA057ESB3,1,12490,955,0,-3.6
 WMCTA057ESB3,2,12436,958,19.3,-19.3
 WMCTA057ESB3,3,12435,959,19.3,19.3
 WMCTA057ESB3,4,12387,961,-47.5,-36.4
 WMCTA057ESB3,5,12387,961,-57.9,19.3
 WMCTA057ESB3,6,12390,961,-19.3,-57.9
 WMCTA057ESB3,7,12384,961,-19.3,57.9
 WMCTA057ESB3,8,12359,963,71.2,-3.6
 WMCTA057ESB3,9,12343,964,57.9,57.9
 WMCTA057ESB3,10,12327,964,-71.2,61.9
 WMCTA057ESB3,11,12322,964,19.3,-96.5
 WMCTA057ESB3,12,12315,965,19.3,96.5
 WMCTA057ESB3,13,12320,965,96.5,19.3
 WMCTA057ESB3,14,12319,965,71.2,-69.2
 WMCTA057ESB3,15,12300,964,-96.5,-57.9
 WMCTA057ESB3,16,12303,964,-57.9,-96.5
 WMCTA057ESB3,17,12297,965,-57.9,96.5
 WMCTA057ESB3,18,12294,967,94.9,61.8
 WMCTA057ESB3,19,12290,965,-118.6,-3.6
 WMCTA057ESB3,20,12280,967,0,127.4
 WMCTA057ESB3,21,12289,965,0,-134.7
 WMCTA057ESB3,22,12287,966,-96.5,96.5
 WMCTA057ESB3,23,12292,967,96.5,-96.5
 WMCTA057ESB3,24,12279,968,136.2,19.3
 WMCTA057ESB3,25,12367,964,71.2,127.4
 WMCTA057ESB3,26,12397,962,141.9,-35.9
 WMCTA057ESB3,27,12645,950,-136.2,-57.9
 WMCTA057ESB3,28,12636,951,-136.2,57.9
 WMCTA057ESB3,29,12654,950,-57.9,-136.2
 WMCTA057ESB3,30,12620,953,-57.9,136.2
 WMCTA057ESB3,31,12656,951,57.9,-136.2
 WMCTA057ESB3,32,12611,954,136.2,57.9
