WaferID,DMT_X_mm,DMT_Y_mm,TFK_X_mm,TFK_Y_mm,DMT_Thickness,TFK_Thickness,Distance_mm,Thickness_Delta,DMT_File,TFK_File
AANAK061TEE1,0.0,0.0,0.0067,-3.6622,12645.43,12630.200195,3.6622061288245367,15.229805000000852,2026-04-05T08.24.52.8288722-LCTW01518-8374-DMT112-TTG624-DMTDUMMY.xml,2026-04-05T07.15.40.3638653-LCTW01518-8374-TFK658-TTG624-MFG7152C1912500DTFK.xml
AANAK061TEE1,18.0,18.0,19.3019,19.3019,12616.23,12602.099609,1.8411646368535322,14.130390999998781,2026-04-05T08.24.52.8288722-LCTW01518-8374-DMT112-TTG624-DMTDUMMY.xml,2026-04-05T07.15.40.3638653-LCTW01518-8374-TFK658-TTG624-MFG7152C1912500DTFK.xml
AANAK061TEE1,18.0,-21.0,19.3019,-19.3019,12611.78,12597.099609,2.1397399888771536,14.680390999999872,2026-04-05T08.24.52.8288722-LCTW01518-8374-DMT112-TTG624-DMTDUMMY.xml,2026-04-05T07.15.40.3638653-LCTW01518-8374-TFK658-TTG624-MFG7152C1912500DTFK.xml
AANAK061TEE1,-48.0,-36.0,-47.4578,-36.4348,12561.58,12553.400391,0.6950049496226653,8.17960900000071,2026-04-05T08.24.52.8288722-LCTW01518-8374-DMT112-TTG624-DMTDUMMY.xml,2026-04-05T07.15.40.3638653-LCTW01518-8374-TFK658-TTG624-MFG7152C1912500DTFK.xml
AANAK061TEE1,-57.0,18.0,-57.9062,19.3019,12556.5,12544.400391,1.5862351811758546,12.099609000000783,2026-04-05T08.24.52.8288722-LCTW01518-8374-DMT112-TTG624-DMTDUMMY.xml,2026-04-05T07.15.40.3638653-LCTW01518-8374-TFK658-TTG624-MFG7152C1912500DTFK.xml
AANAK061TEE1,-18.0,-57.0,-19.3019,-57.9062,12554.84,12541.5,1.5862351811758546,13.340000000000146,2026-04-05T08.24.52.8288722-LCTW01518-8374-DMT112-TTG624-DMTDUMMY.xml,2026-04-05T07.15.40.3638653-LCTW01518-8374-TFK658-TTG624-MFG7152C1912500DTFK.xml
AANAK061TEE1,-18.0,57.0,-19.3019,57.9062,12560.99,12545.299805,1.5862351811758546,15.690194999999221,2026-04-05T08.24.52.8288722-LCTW01518-8374-DMT112-TTG624-DMTDUMMY.xml,2026-04-05T07.15.40.3638653-LCTW01518-8374-TFK658-TTG624-MFG7152C1912500DTFK.xml
AANAK061TEE1,72.0,-3.0,71.2039,-3.6622,12518.21,12508.900391,1.035511491969062,9.30960899999991,2026-04-05T08.24.52.8288722-LCTW01518-8374-DMT112-TTG624-DMTDUMMY.xml,2026-04-05T07.15.40.3638653-LCTW01518-8374-TFK658-TTG624-MFG7152C1912500DTFK.xml
AANAK061TEE1,57.0,57.0,57.9062,57.9062,12497.67,12484.599609,1.2815603302224963,13.07039099999929,2026-04-05T08.24.52.8288722-LCTW01518-8374-DMT112-TTG624-DMTDUMMY.xml,2026-04-05T07.15.40.3638653-LCTW01518-8374-TFK658-TTG624-MFG7152C1912500DTFK.xml
AANAK061TEE1,-72.0,63.0,-71.1902,61.8829,12455.58,12448.799805,1.37974216794298,6.780194999999367,2026-04-05T08.24.52.8288722-LCTW01518-8374-DMT112-TTG624-DMTDUMMY.xml,2026-04-05T07.15.40.3638653-LCTW01518-8374-TFK658-TTG624-MFG7152C1912500DTFK.xml
AANAK061TEE1,18.0,-96.0,19.3019,-96.51,12460.08,12443.400391,1.398228740228152,16.67960900000071,2026-04-05T08.24.52.8288722-LCTW01518-8374-DMT112-TTG624-DMTDUMMY.xml,2026-04-05T07.15.40.3638653-LCTW01518-8374-TFK658-TTG624-MFG7152C1912500DTFK.xml
AANAK061TEE1,18.0,96.0,19.3019,96.51,12457.57,12444.900391,1.398228740228152,12.669609000000492,2026-04-05T08.24.52.8288722-LCTW01518-8374-DMT112-TTG624-DMTDUMMY.xml,2026-04-05T07.15.40.3638653-LCTW01518-8374-TFK658-TTG624-MFG7152C1912500DTFK.xml
AANAK061TEE1,96.0,18.0,96.51,19.3019,12456.88,12441.599609,1.398228740228152,15.280390999998417,2026-04-05T08.24.52.8288722-LCTW01518-8374-DMT112-TTG624-DMTDUMMY.xml,2026-04-05T07.15.40.3638653-LCTW01518-8374-TFK658-TTG624-MFG7152C1912500DTFK.xml
AANAK061TEE1,72.0,-69.0,71.2039,-69.2075,12453.85,12439.099609,0.8226976722952309,14.750390999999581,2026-04-05T08.24.52.8288722-LCTW01518-8374-DMT112-TTG624-DMTDUMMY.xml,2026-04-05T07.15.40.3638653-LCTW01518-8374-TFK658-TTG624-MFG7152C1912500DTFK.xml
AANAK061TEE1,-96.0,-57.0,-96.51,-57.9062,12419.42,12403.099609,1.0398550091238692,16.32039099999929,2026-04-05T08.24.52.8288722-LCTW01518-8374-DMT112-TTG624-DMTDUMMY.xml,2026-04-05T07.15.40.3638653-LCTW01518-8374-TFK658-TTG624-MFG7152C1912500DTFK.xml
AANAK061TEE1,-57.0,-96.0,-57.9062,-96.51,12420.33,12402.900391,1.0398550091238692,17.42960900000071,2026-04-05T08.24.52.8288722-LCTW01518-8374-DMT112-TTG624-DMTDUMMY.xml,2026-04-05T07.15.40.3638653-LCTW01518-8374-TFK658-TTG624-MFG7152C1912500DTFK.xml
AANAK061TEE1,-57.0,96.0,-57.9062,96.51,12420.14,12402.299805,1.0398550091238692,17.840194999998857,2026-04-05T08.24.52.8288722-LCTW01518-8374-DMT112-TTG624-DMTDUMMY.xml,2026-04-05T07.15.40.3638653-LCTW01518-8374-TFK658-TTG624-MFG7152C1912500DTFK.xml
AANAK061TEE1,96.0,63.0,94.9361,61.8829,12411.42,12397.799805,1.5426586206935122,13.620194999999512,2026-04-05T08.24.52.8288722-LCTW01518-8374-DMT112-TTG624-DMTDUMMY.xml,2026-04-05T07.15.40.3638653-LCTW01518-8374-TFK658-TTG624-MFG7152C1912500DTFK.xml
AANAK061TEE1,-120.0,-3.0,-118.655,-3.6622,12388.84,12377.599609,1.4991777212859043,11.240390999999363,2026-04-05T08.24.52.8288722-LCTW01518-8374-DMT112-TTG624-DMTDUMMY.xml,2026-04-05T07.15.40.3638653-LCTW01518-8374-TFK658-TTG624-MFG7152C1912500DTFK.xml
AANAK061TEE1,0.0,126.0,0.0067,127.428,12376.31,12355.900391,1.4280157177006112,20.409609000000273,2026-04-05T08.24.52.8288722-LCTW01518-8374-DMT112-TTG624-DMTDUMMY.xml,2026-04-05T07.15.40.3638653-LCTW01518-8374-TFK658-TTG624-MFG7152C1912500DTFK.xml
AANAK061TEE1,0.0,-135.0,0.0067,-134.7529999,12352.4,12335.400391,0.24709095369926845,16.99960900000042,2026-04-05T08.24.52.8288722-LCTW01518-8374-DMT112-TTG624-DMTDUMMY.xml,2026-04-05T07.15.40.3638653-LCTW01518-8374-TFK658-TTG624-MFG7152C1912500DTFK.xml
AANAK061TEE1,-96.0,96.0,-96.51,96.51,12342.87,12324.599609,0.7212489168102857,18.270391000000018,2026-04-05T08.24.52.8288722-LCTW01518-8374-DMT112-TTG624-DMTDUMMY.xml,2026-04-05T07.15.40.3638653-LCTW01518-8374-TFK658-TTG624-MFG7152C1912500DTFK.xml
AANAK061TEE1,96.0,-96.0,96.51,-96.51,12353.05,12334.200195,0.7212489168102857,18.849804999999833,2026-04-05T08.24.52.8288722-LCTW01518-8374-DMT112-TTG624-DMTDUMMY.xml,2026-04-05T07.15.40.3638653-LCTW01518-8374-TFK658-TTG624-MFG7152C1912500DTFK.xml
AANAK061TEE1,135.0,18.0,136.2,19.3019,12343.84,12320.400391,1.7705771968485227,23.439609000000928,2026-04-05T08.24.52.8288722-LCTW01518-8374-DMT112-TTG624-DMTDUMMY.xml,2026-04-05T07.15.40.3638653-LCTW01518-8374-TFK658-TTG624-MFG7152C1912500DTFK.xml
AANAK061TEE1,72.0,126.0,71.2039,127.428,12327.01,12317.599609,1.6349187166339447,9.410390999999436,2026-04-05T08.24.52.8288722-LCTW01518-8374-DMT112-TTG624-DMTDUMMY.xml,2026-04-05T07.15.40.3638653-LCTW01518-8374-TFK658-TTG624-MFG7152C1912500DTFK.xml
AANAK061TEE1,141.0,-36.0,142.401,-36.4348,12330.29,12378.599609,1.466919234313884,-48.30960899999991,2026-04-05T08.24.52.8288722-LCTW01518-8374-DMT112-TTG624-DMTDUMMY.xml,2026-04-05T07.15.40.3638653-LCTW01518-8374-TFK658-TTG624-MFG7152C1912500DTFK.xml
AANAK061TEE1,-135.0,-57.0,-136.2,-57.9062,12534.37,12518.099609,1.503728180224062,16.270391000000018,2026-04-05T08.24.52.8288722-LCTW01518-8374-DMT112-TTG624-DMTDUMMY.xml,2026-04-05T07.15.40.3638653-LCTW01518-8374-TFK658-TTG624-MFG7152C1912500DTFK.xml
AANAK061TEE1,-135.0,57.0,-136.2,57.9062,12550.55,12515.299805,1.503728180224062,35.25019499999871,2026-04-05T08.24.52.8288722-LCTW01518-8374-DMT112-TTG624-DMTDUMMY.xml,2026-04-05T07.15.40.3638653-LCTW01518-8374-TFK658-TTG624-MFG7152C1912500DTFK.xml
AANAK061TEE1,-57.0,-135.0,-57.9062,-136.2,12529.09,12532.5,1.503728180224062,-3.4099999999998545,2026-04-05T08.24.52.8288722-LCTW01518-8374-DMT112-TTG624-DMTDUMMY.xml,2026-04-05T07.15.40.3638653-LCTW01518-8374-TFK658-TTG624-MFG7152C1912500DTFK.xml
AANAK061TEE1,-57.0,135.0,-57.9062,136.2,12562.12,12523.5,1.503728180224062,38.6200000000008,2026-04-05T08.24.52.8288722-LCTW01518-8374-DMT112-TTG624-DMTDUMMY.xml,2026-04-05T07.15.40.3638653-LCTW01518-8374-TFK658-TTG624-MFG7152C1912500DTFK.xml
AANAK061TEE1,57.0,-135.0,57.9062,-136.2,12528.85,12552.0,1.503728180224062,-23.149999999999636,2026-04-05T08.24.52.8288722-LCTW01518-8374-DMT112-TTG624-DMTDUMMY.xml,2026-04-05T07.15.40.3638653-LCTW01518-8374-TFK658-TTG624-MFG7152C1912500DTFK.xml
AANAK030TEB1,0.0,0.0,0.0067,-3.6622,12624.44,12612.400391,3.6622061288245367,12.039609000001292,2026-04-06T05.51.16.9901816-LCTW01518-8374-DMT112-TTG624-DMTDUMMY.xml,2026-04-05T19.36.45.0766439-LCTW01518-8374-TFK554-TTG624-MFG7152C1912500DTFK.xml
AANAK030TEB1,18.0,18.0,19.3019,19.3019,12606.54,12595.599609,1.8411646368535322,10.94039100000009,2026-04-06T05.51.16.9901816-LCTW01518-8374-DMT112-TTG624-DMTDUMMY.xml,2026-04-05T19.36.45.0766439-LCTW01518-8374-TFK554-TTG624-MFG7152C1912500DTFK.xml
AANAK030TEB1,18.0,-21.0,19.3019,-19.3019,12608.83,12598.299805,2.1397399888771536,10.530194999999367,2026-04-06T05.51.16.9901816-LCTW01518-8374-DMT112-TTG624-DMTDUMMY.xml,2026-04-05T19.36.45.0766439-LCTW01518-8374-TFK554-TTG624-MFG7152C1912500DTFK.xml
AANAK030TEB1,-48.0,-36.0,-47.4578,-36.4348,12563.6,12552.5,0.6950049496226653,11.100000000000364,2026-04-06T05.51.16.9901816-LCTW01518-8374-DMT112-TTG624-DMTDUMMY.xml,2026-04-05T19.36.45.0766439-LCTW01518-8374-TFK554-TTG624-MFG7152C1912500DTFK.xml
AANAK030TEB1,-57.0,18.0,-57.9062,19.3019,12560.24,12545.5,1.5862351811758546,14.739999999999782,2026-04-06T05.51.16.9901816-LCTW01518-8374-DMT112-TTG624-DMTDUMMY.xml,2026-04-05T19.36.45.0766439-LCTW01518-8374-TFK554-TTG624-MFG7152C1912500DTFK.xml
AANAK030TEB1,-18.0,-57.0,-19.3019,-57.9062,12564.44,12547.0,1.5862351811758546,17.44000000000051,2026-04-06T05.51.16.9901816-LCTW01518-8374-DMT112-TTG624-DMTDUMMY.xml,2026-04-05T19.36.45.0766439-LCTW01518-8374-TFK554-TTG624-MFG7152C1912500DTFK.xml
AANAK030TEB1,-18.0,57.0,-19.3019,57.9062,12557.78,12545.599609,1.5862351811758546,12.180390999999872,2026-04-06T05.51.16.9901816-LCTW01518-8374-DMT112-TTG624-DMTDUMMY.xml,2026-04-05T19.36.45.0766439-LCTW01518-8374-TFK554-TTG624-MFG7152C1912500DTFK.xml
AANAK030TEB1,72.0,-3.0,71.2039,-3.6622,12520.56,12511.400391,1.035511491969062,9.159609000000273,2026-04-06T05.51.16.9901816-LCTW01518-8374-DMT112-TTG624-DMTDUMMY.xml,2026-04-05T19.36.45.0766439-LCTW01518-8374-TFK554-TTG624-MFG7152C1912500DTFK.xml
AANAK030TEB1,57.0,57.0,57.9062,57.9062,12495.99,12482.900391,1.2815603302224963,13.089609000000564,2026-04-06T05.51.16.9901816-LCTW01518-8374-DMT112-TTG624-DMTDUMMY.xml,2026-04-05T19.36.45.0766439-LCTW01518-8374-TFK554-TTG624-MFG7152C1912500DTFK.xml
AANAK030TEB1,-72.0,63.0,-71.1902,61.8829,12458.55,12448.200195,1.37974216794298,10.349804999999833,2026-04-06T05.51.16.9901816-LCTW01518-8374-DMT112-TTG624-DMTDUMMY.xml,2026-04-05T19.36.45.0766439-LCTW01518-8374-TFK554-TTG624-MFG7152C1912500DTFK.xml
AANAK030TEB1,18.0,-96.0,19.3019,-96.51,12457.8,12441.700195,1.398228740228152,16.099804999999833,2026-04-06T05.51.16.9901816-LCTW01518-8374-DMT112-TTG624-DMTDUMMY.xml,2026-04-05T19.36.45.0766439-LCTW01518-8374-TFK554-TTG624-MFG7152C1912500DTFK.xml
AANAK030TEB1,18.0,96.0,19.3019,96.51,12456.77,12442.700195,1.398228740228152,14.069805000000997,2026-04-06T05.51.16.9901816-LCTW01518-8374-DMT112-TTG624-DMTDUMMY.xml,2026-04-05T19.36.45.0766439-LCTW01518-8374-TFK554-TTG624-MFG7152C1912500DTFK.xml
AANAK030TEB1,96.0,18.0,96.51,19.3019,12455.82,12438.599609,1.398228740228152,17.220390999998926,2026-04-06T05.51.16.9901816-LCTW01518-8374-DMT112-TTG624-DMTDUMMY.xml,2026-04-05T19.36.45.0766439-LCTW01518-8374-TFK554-TTG624-MFG7152C1912500DTFK.xml
AANAK030TEB1,72.0,-69.0,71.2039,-69.2075,12457.19,12443.5,0.8226976722952309,13.69000000000051,2026-04-06T05.51.16.9901816-LCTW01518-8374-DMT112-TTG624-DMTDUMMY.xml,2026-04-05T19.36.45.0766439-LCTW01518-8374-TFK554-TTG624-MFG7152C1912500DTFK.xml
AANAK030TEB1,-96.0,-57.0,-96.51,-57.9062,12419.47,12402.599609,1.0398550091238692,16.870390999998563,2026-04-06T05.51.16.9901816-LCTW01518-8374-DMT112-TTG624-DMTDUMMY.xml,2026-04-05T19.36.45.0766439-LCTW01518-8374-TFK554-TTG624-MFG7152C1912500DTFK.xml
AANAK030TEB1,-57.0,-96.0,-57.9062,-96.51,12419.48,12402.200195,1.0398550091238692,17.279805000000124,2026-04-06T05.51.16.9901816-LCTW01518-8374-DMT112-TTG624-DMTDUMMY.xml,2026-04-05T19.36.45.0766439-LCTW01518-8374-TFK554-TTG624-MFG7152C1912500DTFK.xml
AANAK030TEB1,-57.0,96.0,-57.9062,96.51,12415.47,12401.299805,1.0398550091238692,14.170194999998785,2026-04-06T05.51.16.9901816-LCTW01518-8374-DMT112-TTG624-DMTDUMMY.xml,2026-04-05T19.36.45.0766439-LCTW01518-8374-TFK554-TTG624-MFG7152C1912500DTFK.xml
AANAK030TEB1,96.0,63.0,94.9361,61.8829,12407.5,12400.700195,1.5426586206935122,6.7998050000005605,2026-04-06T05.51.16.9901816-LCTW01518-8374-DMT112-TTG624-DMTDUMMY.xml,2026-04-05T19.36.45.0766439-LCTW01518-8374-TFK554-TTG624-MFG7152C1912500DTFK.xml
AANAK030TEB1,-120.0,-3.0,-118.655,-3.6622,12387.87,12378.299805,1.4991777212859043,9.57019500000024,2026-04-06T05.51.16.9901816-LCTW01518-8374-DMT112-TTG624-DMTDUMMY.xml,2026-04-05T19.36.45.0766439-LCTW01518-8374-TFK554-TTG624-MFG7152C1912500DTFK.xml
AANAK030TEB1,0.0,126.0,0.0067,127.428,12377.15,12356.099609,1.4280157177006112,21.050390999998854,2026-04-06T05.51.16.9901816-LCTW01518-8374-DMT112-TTG624-DMTDUMMY.xml,2026-04-05T19.36.45.0766439-LCTW01518-8374-TFK554-TTG624-MFG7152C1912500DTFK.xml
AANAK030TEB1,0.0,-135.0,0.0067,-134.7529999,12346.91,12333.0,0.24709095369926845,13.909999999999854,2026-04-06T05.51.16.9901816-LCTW01518-8374-DMT112-TTG624-DMTDUMMY.xml,2026-04-05T19.36.45.0766439-LCTW01518-8374-TFK554-TTG624-MFG7152C1912500DTFK.xml
AANAK030TEB1,-96.0,96.0,-96.51,96.51,12336.69,12324.200195,0.7212489168102857,12.48980500000107,2026-04-06T05.51.16.9901816-LCTW01518-8374-DMT112-TTG624-DMTDUMMY.xml,2026-04-05T19.36.45.0766439-LCTW01518-8374-TFK554-TTG624-MFG7152C1912500DTFK.xml
AANAK030TEB1,96.0,-96.0,96.51,-96.51,12346.06,12330.599609,0.7212489168102857,15.460390999998708,2026-04-06T05.51.16.9901816-LCTW01518-8374-DMT112-TTG624-DMTDUMMY.xml,2026-04-05T19.36.45.0766439-LCTW01518-8374-TFK554-TTG624-MFG7152C1912500DTFK.xml
AANAK030TEB1,135.0,18.0,136.2,19.3019,12336.43,12314.799805,1.7705771968485227,21.63019499999973,2026-04-06T05.51.16.9901816-LCTW01518-8374-DMT112-TTG624-DMTDUMMY.xml,2026-04-05T19.36.45.0766439-LCTW01518-8374-TFK554-TTG624-MFG7152C1912500DTFK.xml
AANAK030TEB1,72.0,126.0,71.2039,127.428,12320.14,12311.099609,1.6349187166339447,9.040390999998635,2026-04-06T05.51.16.9901816-LCTW01518-8374-DMT112-TTG624-DMTDUMMY.xml,2026-04-05T19.36.45.0766439-LCTW01518-8374-TFK554-TTG624-MFG7152C1912500DTFK.xml
AANAK030TEB1,141.0,-36.0,142.401,-36.4348,12317.88,12358.799805,1.466919234313884,-40.91980500000136,2026-04-06T05.51.16.9901816-LCTW01518-8374-DMT112-TTG624-DMTDUMMY.xml,2026-04-05T19.36.45.0766439-LCTW01518-8374-TFK554-TTG624-MFG7152C1912500DTFK.xml
AANAK030TEB1,-135.0,-57.0,-136.2,-57.9062,12538.8,12535.200195,1.503728180224062,3.599804999999833,2026-04-06T05.51.16.9901816-LCTW01518-8374-DMT112-TTG624-DMTDUMMY.xml,2026-04-05T19.36.45.0766439-LCTW01518-8374-TFK554-TTG624-MFG7152C1912500DTFK.xml
AANAK030TEB1,-135.0,57.0,-136.2,57.9062,12552.96,12535.599609,1.503728180224062,17.360390999998344,2026-04-06T05.51.16.9901816-LCTW01518-8374-DMT112-TTG624-DMTDUMMY.xml,2026-04-05T19.36.45.0766439-LCTW01518-8374-TFK554-TTG624-MFG7152C1912500DTFK.xml
AANAK030TEB1,-57.0,-135.0,-57.9062,-136.2,12530.38,12537.400391,1.503728180224062,-7.020391000000018,2026-04-06T05.51.16.9901816-LCTW01518-8374-DMT112-TTG624-DMTDUMMY.xml,2026-04-05T19.36.45.0766439-LCTW01518-8374-TFK554-TTG624-MFG7152C1912500DTFK.xml
AANAK030TEB1,-57.0,135.0,-57.9062,136.2,12560.12,12527.0,1.503728180224062,33.1200000000008,2026-04-06T05.51.16.9901816-LCTW01518-8374-DMT112-TTG624-DMTDUMMY.xml,2026-04-05T19.36.45.0766439-LCTW01518-8374-TFK554-TTG624-MFG7152C1912500DTFK.xml
AANAK030TEB1,57.0,-135.0,57.9062,-136.2,12527.53,12536.5,1.503728180224062,-8.969999999999345,2026-04-06T05.51.16.9901816-LCTW01518-8374-DMT112-TTG624-DMTDUMMY.xml,2026-04-05T19.36.45.0766439-LCTW01518-8374-TFK554-TTG624-MFG7152C1912500DTFK.xml
AANAK090TEG0,0.0,0.0,0.0067,-3.6622,12630.54,12618.299805,3.6622061288245367,12.240195000000313,2026-04-06T05.51.16.9901816-LCTW01518-8374-DMT112-TTG624-DMTDUMMY.xml,2026-04-05T19.36.45.0766439-LCTW01518-8374-TFK554-TTG624-MFG7152C1912500DTFK.xml
AANAK090TEG0,18.0,18.0,19.3019,19.3019,12606.67,12595.099609,1.8411646368535322,11.57039099999929,2026-04-06T05.51.16.9901816-LCTW01518-8374-DMT112-TTG624-DMTDUMMY.xml,2026-04-05T19.36.45.0766439-LCTW01518-8374-TFK554-TTG624-MFG7152C1912500DTFK.xml
AANAK090TEG0,18.0,-21.0,19.3019,-19.3019,12602.25,12594.099609,2.1397399888771536,8.150390999999217,2026-04-06T05.51.16.9901816-LCTW01518-8374-DMT112-TTG624-DMTDUMMY.xml,2026-04-05T19.36.45.0766439-LCTW01518-8374-TFK554-TTG624-MFG7152C1912500DTFK.xml
AANAK090TEG0,-48.0,-36.0,-47.4578,-36.4348,12554.86,12544.799805,0.6950049496226653,10.060195000000022,2026-04-06T05.51.16.9901816-LCTW01518-8374-DMT112-TTG624-DMTDUMMY.xml,2026-04-05T19.36.45.0766439-LCTW01518-8374-TFK554-TTG624-MFG7152C1912500DTFK.xml
AANAK090TEG0,-57.0,18.0,-57.9062,19.3019,12551.61,12538.700195,1.5862351811758546,12.909805000001143,2026-04-06T05.51.16.9901816-LCTW01518-8374-DMT112-TTG624-DMTDUMMY.xml,2026-04-05T19.36.45.0766439-LCTW01518-8374-TFK554-TTG624-MFG7152C1912500DTFK.xml
AANAK090TEG0,-18.0,-57.0,-19.3019,-57.9062,12550.65,12534.599609,1.5862351811758546,16.050390999998854,2026-04-06T05.51.16.9901816-LCTW01518-8374-DMT112-TTG624-DMTDUMMY.xml,2026-04-05T19.36.45.0766439-LCTW01518-8374-TFK554-TTG624-MFG7152C1912500DTFK.xml
AANAK090TEG0,-18.0,57.0,-19.3019,57.9062,12550.2,12535.099609,1.5862351811758546,15.100390999999945,2026-04-06T05.51.16.9901816-LCTW01518-8374-DMT112-TTG624-DMTDUMMY.xml,2026-04-05T19.36.45.0766439-LCTW01518-8374-TFK554-TTG624-MFG7152C1912500DTFK.xml
AANAK090TEG0,72.0,-3.0,71.2039,-3.6622,12511.0,12499.099609,1.035511491969062,11.900390999999217,2026-04-06T05.51.16.9901816-LCTW01518-8374-DMT112-TTG624-DMTDUMMY.xml,2026-04-05T19.36.45.0766439-LCTW01518-8374-TFK554-TTG624-MFG7152C1912500DTFK.xml
AANAK090TEG0,57.0,57.0,57.9062,57.9062,12492.54,12474.099609,1.2815603302224963,18.44039100000009,2026-04-06T05.51.16.9901816-LCTW01518-8374-DMT112-TTG624-DMTDUMMY.xml,2026-04-05T19.36.45.0766439-LCTW01518-8374-TFK554-TTG624-MFG7152C1912500DTFK.xml
AANAK090TEG0,-72.0,63.0,-71.1902,61.8829,12452.68,12441.599609,1.37974216794298,11.080390999999508,2026-04-06T05.51.16.9901816-LCTW01518-8374-DMT112-TTG624-DMTDUMMY.xml,2026-04-05T19.36.45.0766439-LCTW01518-8374-TFK554-TTG624-MFG7152C1912500DTFK.xml
AANAK090TEG0,18.0,-96.0,19.3019,-96.51,12448.07,12433.400391,1.398228740228152,14.669609000000492,2026-04-06T05.51.16.9901816-LCTW01518-8374-DMT112-TTG624-DMTDUMMY.xml,2026-04-05T19.36.45.0766439-LCTW01518-8374-TFK554-TTG624-MFG7152C1912500DTFK.xml
AANAK090TEG0,18.0,96.0,19.3019,96.51,12449.48,12434.799805,1.398228740228152,14.680194999999003,2026-04-06T05.51.16.9901816-LCTW01518-8374-DMT112-TTG624-DMTDUMMY.xml,2026-04-05T19.36.45.0766439-LCTW01518-8374-TFK554-TTG624-MFG7152C1912500DTFK.xml
AANAK090TEG0,96.0,18.0,96.51,19.3019,12450.35,12431.599609,1.398228740228152,18.75039099999958,2026-04-06T05.51.16.9901816-LCTW01518-8374-DMT112-TTG624-DMTDUMMY.xml,2026-04-05T19.36.45.0766439-LCTW01518-8374-TFK554-TTG624-MFG7152C1912500DTFK.xml
AANAK090TEG0,72.0,-69.0,71.2039,-69.2075,12445.67,12432.200195,0.8226976722952309,13.469805000000633,2026-04-06T05.51.16.9901816-LCTW01518-8374-DMT112-TTG624-DMTDUMMY.xml,2026-04-05T19.36.45.0766439-LCTW01518-8374-TFK554-TTG624-MFG7152C1912500DTFK.xml
AANAK090TEG0,-96.0,-57.0,-96.51,-57.9062,12413.13,12400.0,1.0398550091238692,13.1299999999992,2026-04-06T05.51.16.9901816-LCTW01518-8374-DMT112-TTG624-DMTDUMMY.xml,2026-04-05T19.36.45.0766439-LCTW01518-8374-TFK554-TTG624-MFG7152C1912500DTFK.xml
AANAK090TEG0,-57.0,-96.0,-57.9062,-96.51,12414.35,12396.900391,1.0398550091238692,17.449609000001146,2026-04-06T05.51.16.9901816-LCTW01518-8374-DMT112-TTG624-DMTDUMMY.xml,2026-04-05T19.36.45.0766439-LCTW01518-8374-TFK554-TTG624-MFG7152C1912500DTFK.xml
AANAK090TEG0,-57.0,96.0,-57.9062,96.51,12411.4,12397.599609,1.0398550091238692,13.800390999998854,2026-04-06T05.51.16.9901816-LCTW01518-8374-DMT112-TTG624-DMTDUMMY.xml,2026-04-05T19.36.45.0766439-LCTW01518-8374-TFK554-TTG624-MFG7152C1912500DTFK.xml
AANAK090TEG0,96.0,63.0,94.9361,61.8829,12405.2,12395.799805,1.5426586206935122,9.400195000000167,2026-04-06T05.51.16.9901816-LCTW01518-8374-DMT112-TTG624-DMTDUMMY.xml,2026-04-05T19.36.45.0766439-LCTW01518-8374-TFK554-TTG624-MFG7152C1912500DTFK.xml
AANAK090TEG0,-120.0,-3.0,-118.655,-3.6622,12380.54,12376.099609,1.4991777212859043,4.440391000000091,2026-04-06T05.51.16.9901816-LCTW01518-8374-DMT112-TTG624-DMTDUMMY.xml,2026-04-05T19.36.45.0766439-LCTW01518-8374-TFK554-TTG624-MFG7152C1912500DTFK.xml
AANAK090TEG0,0.0,126.0,0.0067,127.428,12370.96,12349.5,1.4280157177006112,21.459999999999127,2026-04-06T05.51.16.9901816-LCTW01518-8374-DMT112-TTG624-DMTDUMMY.xml,2026-04-05T19.36.45.0766439-LCTW01518-8374-TFK554-TTG624-MFG7152C1912500DTFK.xml
AANAK090TEG0,0.0,-135.0,0.0067,-134.7529999,12343.25,12330.0,0.24709095369926845,13.25,2026-04-06T05.51.16.9901816-LCTW01518-8374-DMT112-TTG624-DMTDUMMY.xml,2026-04-05T19.36.45.0766439-LCTW01518-8374-TFK554-TTG624-MFG7152C1912500DTFK.xml
AANAK090TEG0,-96.0,96.0,-96.51,96.51,12334.9,12319.299805,0.7212489168102857,15.600194999999076,2026-04-06T05.51.16.9901816-LCTW01518-8374-DMT112-TTG624-DMTDUMMY.xml,2026-04-05T19.36.45.0766439-LCTW01518-8374-TFK554-TTG624-MFG7152C1912500DTFK.xml
AANAK090TEG0,96.0,-96.0,96.51,-96.51,12342.19,12327.099609,0.7212489168102857,15.090390999999727,2026-04-06T05.51.16.9901816-LCTW01518-8374-DMT112-TTG624-DMTDUMMY.xml,2026-04-05T19.36.45.0766439-LCTW01518-8374-TFK554-TTG624-MFG7152C1912500DTFK.xml
AANAK090TEG0,135.0,18.0,136.2,19.3019,12331.32,12309.700195,1.7705771968485227,21.61980500000027,2026-04-06T05.51.16.9901816-LCTW01518-8374-DMT112-TTG624-DMTDUMMY.xml,2026-04-05T19.36.45.0766439-LCTW01518-8374-TFK554-TTG624-MFG7152C1912500DTFK.xml
AANAK090TEG0,72.0,126.0,71.2039,127.428,12316.72,12309.099609,1.6349187166339447,7.620390999998563,2026-04-06T05.51.16.9901816-LCTW01518-8374-DMT112-TTG624-DMTDUMMY.xml,2026-04-05T19.36.45.0766439-LCTW01518-8374-TFK554-TTG624-MFG7152C1912500DTFK.xml
AANAK090TEG0,141.0,-36.0,142.401,-36.4348,12315.76,12356.700195,1.466919234313884,-40.94019499999922,2026-04-06T05.51.16.9901816-LCTW01518-8374-DMT112-TTG624-DMTDUMMY.xml,2026-04-05T19.36.45.0766439-LCTW01518-8374-TFK554-TTG624-MFG7152C1912500DTFK.xml
AANAK090TEG0,-135.0,-57.0,-136.2,-57.9062,12537.43,12528.099609,1.503728180224062,9.330390999999508,2026-04-06T05.51.16.9901816-LCTW01518-8374-DMT112-TTG624-DMTDUMMY.xml,2026-04-05T19.36.45.0766439-LCTW01518-8374-TFK554-TTG624-MFG7152C1912500DTFK.xml
AANAK090TEG0,-135.0,57.0,-136.2,57.9062,12550.01,12525.400391,1.503728180224062,24.609609000001,2026-04-06T05.51.16.9901816-LCTW01518-8374-DMT112-TTG624-DMTDUMMY.xml,2026-04-05T19.36.45.0766439-LCTW01518-8374-TFK554-TTG624-MFG7152C1912500DTFK.xml
AANAK090TEG0,-57.0,-135.0,-57.9062,-136.2,12527.48,12529.5,1.503728180224062,-2.0200000000004366,2026-04-06T05.51.16.9901816-LCTW01518-8374-DMT112-TTG624-DMTDUMMY.xml,2026-04-05T19.36.45.0766439-LCTW01518-8374-TFK554-TTG624-MFG7152C1912500DTFK.xml
AANAK090TEG0,-57.0,135.0,-57.9062,136.2,12552.15,12518.700195,1.503728180224062,33.4498050000002,2026-04-06T05.51.16.9901816-LCTW01518-8374-DMT112-TTG624-DMTDUMMY.xml,2026-04-05T19.36.45.0766439-LCTW01518-8374-TFK554-TTG624-MFG7152C1912500DTFK.xml
AANAK090TEG0,57.0,-135.0,57.9062,-136.2,12523.57,12530.700195,1.503728180224062,-7.1301949999997305,2026-04-06T05.51.16.9901816-LCTW01518-8374-DMT112-TTG624-DMTDUMMY.xml,2026-04-05T19.36.45.0766439-LCTW01518-8374-TFK554-TTG624-MFG7152C1912500DTFK.xml
AANAK091TEC7,0.0,0.0,0.0067,-3.6622,12665.63,12653.5,3.6622061288245367,12.1299999999992,2026-04-05T08.24.52.8288722-LCTW01518-8374-DMT112-TTG624-DMTDUMMY.xml,2026-04-05T07.15.40.3638653-LCTW01518-8374-TFK658-TTG624-MFG7152C1912500DTFK.xml
AANAK091TEC7,18.0,18.0,19.3019,19.3019,12642.2,12629.599609,1.8411646368535322,12.600390999999945,2026-04-05T08.24.52.8288722-LCTW01518-8374-DMT112-TTG624-DMTDUMMY.xml,2026-04-05T07.15.40.3638653-LCTW01518-8374-TFK658-TTG624-MFG7152C1912500DTFK.xml
AANAK091TEC7,18.0,-21.0,19.3019,-19.3019,12639.48,12624.299805,2.1397399888771536,15.180194999999003,2026-04-05T08.24.52.8288722-LCTW01518-8374-DMT112-TTG624-DMTDUMMY.xml,2026-04-05T07.15.40.3638653-LCTW01518-8374-TFK658-TTG624-MFG7152C1912500DTFK.xml
AANAK091TEC7,-48.0,-36.0,-47.4578,-36.4348,12590.51,12584.099609,0.6950049496226653,6.410390999999436,2026-04-05T08.24.52.8288722-LCTW01518-8374-DMT112-TTG624-DMTDUMMY.xml,2026-04-05T07.15.40.3638653-LCTW01518-8374-TFK658-TTG624-MFG7152C1912500DTFK.xml
AANAK091TEC7,-57.0,18.0,-57.9062,19.3019,12591.61,12580.299805,1.5862351811758546,11.310195000000022,2026-04-05T08.24.52.8288722-LCTW01518-8374-DMT112-TTG624-DMTDUMMY.xml,2026-04-05T07.15.40.3638653-LCTW01518-8374-TFK658-TTG624-MFG7152C1912500DTFK.xml
AANAK091TEC7,-18.0,-57.0,-19.3019,-57.9062,12588.42,12573.900391,1.5862351811758546,14.519609000000855,2026-04-05T08.24.52.8288722-LCTW01518-8374-DMT112-TTG624-DMTDUMMY.xml,2026-04-05T07.15.40.3638653-LCTW01518-8374-TFK658-TTG624-MFG7152C1912500DTFK.xml
AANAK091TEC7,-18.0,57.0,-19.3019,57.9062,12587.78,12575.200195,1.5862351811758546,12.579805000001215,2026-04-05T08.24.52.8288722-LCTW01518-8374-DMT112-TTG624-DMTDUMMY.xml,2026-04-05T07.15.40.3638653-LCTW01518-8374-TFK658-TTG624-MFG7152C1912500DTFK.xml
AANAK091TEC7,72.0,-3.0,71.2039,-3.6622,12549.24,12540.900391,1.035511491969062,8.339609000000564,2026-04-05T08.24.52.8288722-LCTW01518-8374-DMT112-TTG624-DMTDUMMY.xml,2026-04-05T07.15.40.3638653-LCTW01518-8374-TFK658-TTG624-MFG7152C1912500DTFK.xml
AANAK091TEC7,57.0,57.0,57.9062,57.9062,12532.86,12517.599609,1.2815603302224963,15.2603909999998,2026-04-05T08.24.52.8288722-LCTW01518-8374-DMT112-TTG624-DMTDUMMY.xml,2026-04-05T07.15.40.3638653-LCTW01518-8374-TFK658-TTG624-MFG7152C1912500DTFK.xml
AANAK091TEC7,-72.0,63.0,-71.1902,61.8829,12498.33,12487.799805,1.37974216794298,10.530194999999367,2026-04-05T08.24.52.8288722-LCTW01518-8374-DMT112-TTG624-DMTDUMMY.xml,2026-04-05T07.15.40.3638653-LCTW01518-8374-TFK658-TTG624-MFG7152C1912500DTFK.xml
AANAK091TEC7,18.0,-96.0,19.3019,-96.51,12488.39,12476.200195,1.398228740228152,12.189804999999978,2026-04-05T08.24.52.8288722-LCTW01518-8374-DMT112-TTG624-DMTDUMMY.xml,2026-04-05T07.15.40.3638653-LCTW01518-8374-TFK658-TTG624-MFG7152C1912500DTFK.xml
AANAK091TEC7,18.0,96.0,19.3019,96.51,12494.43,12481.599609,1.398228740228152,12.830390999999508,2026-04-05T08.24.52.8288722-LCTW01518-8374-DMT112-TTG624-DMTDUMMY.xml,2026-04-05T07.15.40.3638653-LCTW01518-8374-TFK658-TTG624-MFG7152C1912500DTFK.xml
AANAK091TEC7,96.0,18.0,96.51,19.3019,12493.44,12480.099609,1.398228740228152,13.340390999999727,2026-04-05T08.24.52.8288722-LCTW01518-8374-DMT112-TTG624-DMTDUMMY.xml,2026-04-05T07.15.40.3638653-LCTW01518-8374-TFK658-TTG624-MFG7152C1912500DTFK.xml
AANAK091TEC7,72.0,-69.0,71.2039,-69.2075,12486.73,12476.200195,0.8226976722952309,10.529805000000124,2026-04-05T08.24.52.8288722-LCTW01518-8374-DMT112-TTG624-DMTDUMMY.xml,2026-04-05T07.15.40.3638653-LCTW01518-8374-TFK658-TTG624-MFG7152C1912500DTFK.xml
AANAK091TEC7,-96.0,-57.0,-96.51,-57.9062,12456.54,12440.299805,1.0398550091238692,16.240195000000313,2026-04-05T08.24.52.8288722-LCTW01518-8374-DMT112-TTG624-DMTDUMMY.xml,2026-04-05T07.15.40.3638653-LCTW01518-8374-TFK658-TTG624-MFG7152C1912500DTFK.xml
AANAK091TEC7,-57.0,-96.0,-57.9062,-96.51,12454.24,12440.099609,1.0398550091238692,14.140390999999,2026-04-05T08.24.52.8288722-LCTW01518-8374-DMT112-TTG624-DMTDUMMY.xml,2026-04-05T07.15.40.3638653-LCTW01518-8374-TFK658-TTG624-MFG7152C1912500DTFK.xml
AANAK091TEC7,-57.0,96.0,-57.9062,96.51,12458.71,12440.900391,1.0398550091238692,17.80960899999991,2026-04-05T08.24.52.8288722-LCTW01518-8374-DMT112-TTG624-DMTDUMMY.xml,2026-04-05T07.15.40.3638653-LCTW01518-8374-TFK658-TTG624-MFG7152C1912500DTFK.xml
AANAK091TEC7,96.0,63.0,94.9361,61.8829,12450.8,12437.0,1.5426586206935122,13.799999999999272,2026-04-05T08.24.52.8288722-LCTW01518-8374-DMT112-TTG624-DMTDUMMY.xml,2026-04-05T07.15.40.3638653-LCTW01518-8374-TFK658-TTG624-MFG7152C1912500DTFK.xml
AANAK091TEC7,-120.0,-3.0,-118.655,-3.6622,12430.64,12419.900391,1.4991777212859043,10.7396090000002,2026-04-05T08.24.52.8288722-LCTW01518-8374-DMT112-TTG624-DMTDUMMY.xml,2026-04-05T07.15.40.3638653-LCTW01518-8374-TFK658-TTG624-MFG7152C1912500DTFK.xml
AANAK091TEC7,0.0,126.0,0.0067,127.428,12416.21,12395.599609,1.4280157177006112,20.610390999998344,2026-04-05T08.24.52.8288722-LCTW01518-8374-DMT112-TTG624-DMTDUMMY.xml,2026-04-05T07.15.40.3638653-LCTW01518-8374-TFK658-TTG624-MFG7152C1912500DTFK.xml
AANAK091TEC7,0.0,-135.0,0.0067,-134.7529999,12375.07,12362.700195,0.24709095369926845,12.36980500000027,2026-04-05T08.24.52.8288722-LCTW01518-8374-DMT112-TTG624-DMTDUMMY.xml,2026-04-05T07.15.40.3638653-LCTW01518-8374-TFK658-TTG624-MFG7152C1912500DTFK.xml
AANAK091TEC7,-96.0,96.0,-96.51,96.51,12379.02,12363.200195,0.7212489168102857,15.819805000000997,2026-04-05T08.24.52.8288722-LCTW01518-8374-DMT112-TTG624-DMTDUMMY.xml,2026-04-05T07.15.40.3638653-LCTW01518-8374-TFK658-TTG624-MFG7152C1912500DTFK.xml
AANAK091TEC7,96.0,-96.0,96.51,-96.51,12375.53,12355.5,0.7212489168102857,20.030000000000655,2026-04-05T08.24.52.8288722-LCTW01518-8374-DMT112-TTG624-DMTDUMMY.xml,2026-04-05T07.15.40.3638653-LCTW01518-8374-TFK658-TTG624-MFG7152C1912500DTFK.xml
AANAK091TEC7,135.0,18.0,136.2,19.3019,12372.84,12349.0,1.7705771968485227,23.840000000000146,2026-04-05T08.24.52.8288722-LCTW01518-8374-DMT112-TTG624-DMTDUMMY.xml,2026-04-05T07.15.40.3638653-LCTW01518-8374-TFK658-TTG624-MFG7152C1912500DTFK.xml
AANAK091TEC7,72.0,126.0,71.2039,127.428,12353.64,12346.900391,1.6349187166339447,6.7396090000002005,2026-04-05T08.24.52.8288722-LCTW01518-8374-DMT112-TTG624-DMTDUMMY.xml,2026-04-05T07.15.40.3638653-LCTW01518-8374-TFK658-TTG624-MFG7152C1912500DTFK.xml
AANAK091TEC7,141.0,-36.0,142.401,-36.4348,12345.02,12385.099609,1.466919234313884,-40.079609000000346,2026-04-05T08.24.52.8288722-LCTW01518-8374-DMT112-TTG624-DMTDUMMY.xml,2026-04-05T07.15.40.3638653-LCTW01518-8374-TFK658-TTG624-MFG7152C1912500DTFK.xml
AANAK091TEC7,-135.0,-57.0,-136.2,-57.9062,12555.39,12547.299805,1.503728180224062,8.090194999998857,2026-04-05T08.24.52.8288722-LCTW01518-8374-DMT112-TTG624-DMTDUMMY.xml,2026-04-05T07.15.40.3638653-LCTW01518-8374-TFK658-TTG624-MFG7152C1912500DTFK.xml
AANAK091TEC7,-135.0,57.0,-136.2,57.9062,12561.22,12547.900391,1.503728180224062,13.319609000000128,2026-04-05T08.24.52.8288722-LCTW01518-8374-DMT112-TTG624-DMTDUMMY.xml,2026-04-05T07.15.40.3638653-LCTW01518-8374-TFK658-TTG624-MFG7152C1912500DTFK.xml
AANAK091TEC7,-57.0,-135.0,-57.9062,-136.2,12540.32,12533.5,1.503728180224062,6.819999999999709,2026-04-05T08.24.52.8288722-LCTW01518-8374-DMT112-TTG624-DMTDUMMY.xml,2026-04-05T07.15.40.3638653-LCTW01518-8374-TFK658-TTG624-MFG7152C1912500DTFK.xml
AANAK091TEC7,-57.0,135.0,-57.9062,136.2,12569.04,12545.0,1.503728180224062,24.040000000000873,2026-04-05T08.24.52.8288722-LCTW01518-8374-DMT112-TTG624-DMTDUMMY.xml,2026-04-05T07.15.40.3638653-LCTW01518-8374-TFK658-TTG624-MFG7152C1912500DTFK.xml
AANAK091TEC7,57.0,-135.0,57.9062,-136.2,12539.31,12529.700195,1.503728180224062,9.609805000000051,2026-04-05T08.24.52.8288722-LCTW01518-8374-DMT112-TTG624-DMTDUMMY.xml,2026-04-05T07.15.40.3638653-LCTW01518-8374-TFK658-TTG624-MFG7152C1912500DTFK.xml
AANAK055TEB7,0.0,0.0,0.0067,-3.6622,12650.75,12636.200195,3.6622061288245367,14.54980500000056,2026-04-06T05.51.16.9901816-LCTW01518-8374-DMT112-TTG624-DMTDUMMY.xml,2026-04-05T19.36.45.0766439-LCTW01518-8374-TFK554-TTG624-MFG7152C1912500DTFK.xml
AANAK055TEB7,18.0,18.0,19.3019,19.3019,12624.08,12610.299805,1.8411646368535322,13.780194999999367,2026-04-06T05.51.16.9901816-LCTW01518-8374-DMT112-TTG624-DMTDUMMY.xml,2026-04-05T19.36.45.0766439-LCTW01518-8374-TFK554-TTG624-MFG7152C1912500DTFK.xml
AANAK055TEB7,18.0,-21.0,19.3019,-19.3019,12621.71,12610.0,2.1397399888771536,11.709999999999127,2026-04-06T05.51.16.9901816-LCTW01518-8374-DMT112-TTG624-DMTDUMMY.xml,2026-04-05T19.36.45.0766439-LCTW01518-8374-TFK554-TTG624-MFG7152C1912500DTFK.xml
AANAK055TEB7,-48.0,-36.0,-47.4578,-36.4348,12580.56,12574.400391,0.6950049496226653,6.159609000000273,2026-04-06T05.51.16.9901816-LCTW01518-8374-DMT112-TTG624-DMTDUMMY.xml,2026-04-05T19.36.45.0766439-LCTW01518-8374-TFK554-TTG624-MFG7152C1912500DTFK.xml
AANAK055TEB7,-57.0,18.0,-57.9062,19.3019,12578.38,12568.200195,1.5862351811758546,10.17980499999976,2026-04-06T05.51.16.9901816-LCTW01518-8374-DMT112-TTG624-DMTDUMMY.xml,2026-04-05T19.36.45.0766439-LCTW01518-8374-TFK554-TTG624-MFG7152C1912500DTFK.xml
AANAK055TEB7,-18.0,-57.0,-19.3019,-57.9062,12578.27,12563.200195,1.5862351811758546,15.069805000000997,2026-04-06T05.51.16.9901816-LCTW01518-8374-DMT112-TTG624-DMTDUMMY.xml,2026-04-05T19.36.45.0766439-LCTW01518-8374-TFK554-TTG624-MFG7152C1912500DTFK.xml
AANAK055TEB7,-18.0,57.0,-19.3019,57.9062,12574.85,12563.799805,1.5862351811758546,11.050194999999803,2026-04-06T05.51.16.9901816-LCTW01518-8374-DMT112-TTG624-DMTDUMMY.xml,2026-04-05T19.36.45.0766439-LCTW01518-8374-TFK554-TTG624-MFG7152C1912500DTFK.xml
AANAK055TEB7,72.0,-3.0,71.2039,-3.6622,12537.13,12527.299805,1.035511491969062,9.830194999998639,2026-04-06T05.51.16.9901816-LCTW01518-8374-DMT112-TTG624-DMTDUMMY.xml,2026-04-05T19.36.45.0766439-LCTW01518-8374-TFK554-TTG624-MFG7152C1912500DTFK.xml
AANAK055TEB7,57.0,57.0,57.9062,57.9062,12517.24,12504.299805,1.2815603302224963,12.940194999999221,2026-04-06T05.51.16.9901816-LCTW01518-8374-DMT112-TTG624-DMTDUMMY.xml,2026-04-05T19.36.45.0766439-LCTW01518-8374-TFK554-TTG624-MFG7152C1912500DTFK.xml
AANAK055TEB7,-72.0,63.0,-71.1902,61.8829,12486.53,12474.799805,1.37974216794298,11.730195000000094,2026-04-06T05.51.16.9901816-LCTW01518-8374-DMT112-TTG624-DMTDUMMY.xml,2026-04-05T19.36.45.0766439-LCTW01518-8374-TFK554-TTG624-MFG7152C1912500DTFK.xml
AANAK055TEB7,18.0,-96.0,19.3019,-96.51,12482.83,12468.200195,1.398228740228152,14.629805000000488,2026-04-06T05.51.16.9901816-LCTW01518-8374-DMT112-TTG624-DMTDUMMY.xml,2026-04-05T19.36.45.0766439-LCTW01518-8374-TFK554-TTG624-MFG7152C1912500DTFK.xml
AANAK055TEB7,18.0,96.0,19.3019,96.51,12485.11,12469.299805,1.398228740228152,15.810195000000022,2026-04-06T05.51.16.9901816-LCTW01518-8374-DMT112-TTG624-DMTDUMMY.xml,2026-04-05T19.36.45.0766439-LCTW01518-8374-TFK554-TTG624-MFG7152C1912500DTFK.xml
AANAK055TEB7,96.0,18.0,96.51,19.3019,12482.13,12469.799805,1.398228740228152,12.330194999998639,2026-04-06T05.51.16.9901816-LCTW01518-8374-DMT112-TTG624-DMTDUMMY.xml,2026-04-05T19.36.45.0766439-LCTW01518-8374-TFK554-TTG624-MFG7152C1912500DTFK.xml
AANAK055TEB7,72.0,-69.0,71.2039,-69.2075,12478.73,12468.299805,0.8226976722952309,10.430194999999003,2026-04-06T05.51.16.9901816-LCTW01518-8374-DMT112-TTG624-DMTDUMMY.xml,2026-04-05T19.36.45.0766439-LCTW01518-8374-TFK554-TTG624-MFG7152C1912500DTFK.xml
AANAK055TEB7,-96.0,-57.0,-96.51,-57.9062,12450.36,12435.0,1.0398550091238692,15.360000000000582,2026-04-06T05.51.16.9901816-LCTW01518-8374-DMT112-TTG624-DMTDUMMY.xml,2026-04-05T19.36.45.0766439-LCTW01518-8374-TFK554-TTG624-MFG7152C1912500DTFK.xml
AANAK055TEB7,-57.0,-96.0,-57.9062,-96.51,12446.62,12430.299805,1.0398550091238692,16.32019500000024,2026-04-06T05.51.16.9901816-LCTW01518-8374-DMT112-TTG624-DMTDUMMY.xml,2026-04-05T19.36.45.0766439-LCTW01518-8374-TFK554-TTG624-MFG7152C1912500DTFK.xml
AANAK055TEB7,-57.0,96.0,-57.9062,96.51,12446.52,12429.5,1.0398550091238692,17.020000000000437,2026-04-06T05.51.16.9901816-LCTW01518-8374-DMT112-TTG624-DMTDUMMY.xml,2026-04-05T19.36.45.0766439-LCTW01518-8374-TFK554-TTG624-MFG7152C1912500DTFK.xml
AANAK055TEB7,96.0,63.0,94.9361,61.8829,12440.11,12428.599609,1.5426586206935122,11.5103909999998,2026-04-06T05.51.16.9901816-LCTW01518-8374-DMT112-TTG624-DMTDUMMY.xml,2026-04-05T19.36.45.0766439-LCTW01518-8374-TFK554-TTG624-MFG7152C1912500DTFK.xml
AANAK055TEB7,-120.0,-3.0,-118.655,-3.6622,12424.2,12412.5,1.4991777212859043,11.700000000000728,2026-04-06T05.51.16.9901816-LCTW01518-8374-DMT112-TTG624-DMTDUMMY.xml,2026-04-05T19.36.45.0766439-LCTW01518-8374-TFK554-TTG624-MFG7152C1912500DTFK.xml
AANAK055TEB7,0.0,126.0,0.0067,127.428,12403.68,12383.599609,1.4280157177006112,20.08039099999951,2026-04-06T05.51.16.9901816-LCTW01518-8374-DMT112-TTG624-DMTDUMMY.xml,2026-04-05T19.36.45.0766439-LCTW01518-8374-TFK554-TTG624-MFG7152C1912500DTFK.xml
AANAK055TEB7,0.0,-135.0,0.0067,-134.7529999,12370.49,12353.799805,0.24709095369926845,16.69019499999922,2026-04-06T05.51.16.9901816-LCTW01518-8374-DMT112-TTG624-DMTDUMMY.xml,2026-04-05T19.36.45.0766439-LCTW01518-8374-TFK554-TTG624-MFG7152C1912500DTFK.xml
AANAK055TEB7,-96.0,96.0,-96.51,96.51,12366.69,12349.700195,0.7212489168102857,16.98980500000107,2026-04-06T05.51.16.9901816-LCTW01518-8374-DMT112-TTG624-DMTDUMMY.xml,2026-04-05T19.36.45.0766439-LCTW01518-8374-TFK554-TTG624-MFG7152C1912500DTFK.xml
AANAK055TEB7,96.0,-96.0,96.51,-96.51,12370.79,12351.0,0.7212489168102857,19.790000000000873,2026-04-06T05.51.16.9901816-LCTW01518-8374-DMT112-TTG624-DMTDUMMY.xml,2026-04-05T19.36.45.0766439-LCTW01518-8374-TFK554-TTG624-MFG7152C1912500DTFK.xml
AANAK055TEB7,135.0,18.0,136.2,19.3019,12365.45,12338.0,1.7705771968485227,27.450000000000728,2026-04-06T05.51.16.9901816-LCTW01518-8374-DMT112-TTG624-DMTDUMMY.xml,2026-04-05T19.36.45.0766439-LCTW01518-8374-TFK554-TTG624-MFG7152C1912500DTFK.xml
AANAK055TEB7,72.0,126.0,71.2039,127.428,12330.82,12329.099609,1.6349187166339447,1.7203909999989264,2026-04-06T05.51.16.9901816-LCTW01518-8374-DMT112-TTG624-DMTDUMMY.xml,2026-04-05T19.36.45.0766439-LCTW01518-8374-TFK554-TTG624-MFG7152C1912500DTFK.xml
AANAK055TEB7,141.0,-36.0,142.401,-36.4348,12336.06,12373.400391,1.466919234313884,-37.34039099999973,2026-04-06T05.51.16.9901816-LCTW01518-8374-DMT112-TTG624-DMTDUMMY.xml,2026-04-05T19.36.45.0766439-LCTW01518-8374-TFK554-TTG624-MFG7152C1912500DTFK.xml
AANAK055TEB7,-135.0,-57.0,-136.2,-57.9062,12554.63,12535.900391,1.503728180224062,18.729608999999982,2026-04-06T05.51.16.9901816-LCTW01518-8374-DMT112-TTG624-DMTDUMMY.xml,2026-04-05T19.36.45.0766439-LCTW01518-8374-TFK554-TTG624-MFG7152C1912500DTFK.xml
AANAK055TEB7,-135.0,57.0,-136.2,57.9062,12550.68,12520.099609,1.503728180224062,30.58039099999951,2026-04-06T05.51.16.9901816-LCTW01518-8374-DMT112-TTG624-DMTDUMMY.xml,2026-04-05T19.36.45.0766439-LCTW01518-8374-TFK554-TTG624-MFG7152C1912500DTFK.xml
AANAK055TEB7,-57.0,-135.0,-57.9062,-136.2,12542.86,12531.099609,1.503728180224062,11.7603909999998,2026-04-06T05.51.16.9901816-LCTW01518-8374-DMT112-TTG624-DMTDUMMY.xml,2026-04-05T19.36.45.0766439-LCTW01518-8374-TFK554-TTG624-MFG7152C1912500DTFK.xml
AANAK055TEB7,-57.0,135.0,-57.9062,136.2,12545.78,12519.099609,1.503728180224062,26.680390999999872,2026-04-06T05.51.16.9901816-LCTW01518-8374-DMT112-TTG624-DMTDUMMY.xml,2026-04-05T19.36.45.0766439-LCTW01518-8374-TFK554-TTG624-MFG7152C1912500DTFK.xml
AANAK055TEB7,57.0,-135.0,57.9062,-136.2,12538.78,12538.299805,1.503728180224062,0.4801950000000943,2026-04-06T05.51.16.9901816-LCTW01518-8374-DMT112-TTG624-DMTDUMMY.xml,2026-04-05T19.36.45.0766439-LCTW01518-8374-TFK554-TTG624-MFG7152C1912500DTFK.xml
AANAK056TEG1,0.0,0.0,0.0067,-3.6622,12634.25,12618.5,3.6622061288245367,15.75,2026-04-05T08.24.52.8288722-LCTW01518-8374-DMT112-TTG624-DMTDUMMY.xml,2026-04-05T07.15.40.3638653-LCTW01518-8374-TFK658-TTG624-MFG7152C1912500DTFK.xml
AANAK056TEG1,18.0,18.0,19.3019,19.3019,12610.96,12599.400391,1.8411646368535322,11.55960899999991,2026-04-05T08.24.52.8288722-LCTW01518-8374-DMT112-TTG624-DMTDUMMY.xml,2026-04-05T07.15.40.3638653-LCTW01518-8374-TFK658-TTG624-MFG7152C1912500DTFK.xml
AANAK056TEG1,18.0,-21.0,19.3019,-19.3019,12611.73,12601.400391,2.1397399888771536,10.329609000000346,2026-04-05T08.24.52.8288722-LCTW01518-8374-DMT112-TTG624-DMTDUMMY.xml,2026-04-05T07.15.40.3638653-LCTW01518-8374-TFK658-TTG624-MFG7152C1912500DTFK.xml
AANAK056TEG1,-48.0,-36.0,-47.4578,-36.4348,12564.93,12557.0,0.6950049496226653,7.930000000000291,2026-04-05T08.24.52.8288722-LCTW01518-8374-DMT112-TTG624-DMTDUMMY.xml,2026-04-05T07.15.40.3638653-LCTW01518-8374-TFK658-TTG624-MFG7152C1912500DTFK.xml
AANAK056TEG1,-57.0,18.0,-57.9062,19.3019,12560.88,12544.400391,1.5862351811758546,16.479608999999982,2026-04-05T08.24.52.8288722-LCTW01518-8374-DMT112-TTG624-DMTDUMMY.xml,2026-04-05T07.15.40.3638653-LCTW01518-8374-TFK658-TTG624-MFG7152C1912500DTFK.xml
AANAK056TEG1,-18.0,-57.0,-19.3019,-57.9062,12565.34,12551.0,1.5862351811758546,14.340000000000146,2026-04-05T08.24.52.8288722-LCTW01518-8374-DMT112-TTG624-DMTDUMMY.xml,2026-04-05T07.15.40.3638653-LCTW01518-8374-TFK658-TTG624-MFG7152C1912500DTFK.xml
AANAK056TEG1,-18.0,57.0,-19.3019,57.9062,12562.51,12549.5,1.5862351811758546,13.010000000000218,2026-04-05T08.24.52.8288722-LCTW01518-8374-DMT112-TTG624-DMTDUMMY.xml,2026-04-05T07.15.40.3638653-LCTW01518-8374-TFK658-TTG624-MFG7152C1912500DTFK.xml
AANAK056TEG1,72.0,-3.0,71.2039,-3.6622,12522.9,12512.299805,1.035511491969062,10.600194999999076,2026-04-05T08.24.52.8288722-LCTW01518-8374-DMT112-TTG624-DMTDUMMY.xml,2026-04-05T07.15.40.3638653-LCTW01518-8374-TFK658-TTG624-MFG7152C1912500DTFK.xml
AANAK056TEG1,57.0,57.0,57.9062,57.9062,12499.65,12488.0,1.2815603302224963,11.649999999999636,2026-04-05T08.24.52.8288722-LCTW01518-8374-DMT112-TTG624-DMTDUMMY.xml,2026-04-05T07.15.40.3638653-LCTW01518-8374-TFK658-TTG624-MFG7152C1912500DTFK.xml
AANAK056TEG1,-72.0,63.0,-71.1902,61.8829,12461.16,12451.200195,1.37974216794298,9.959805000000415,2026-04-05T08.24.52.8288722-LCTW01518-8374-DMT112-TTG624-DMTDUMMY.xml,2026-04-05T07.15.40.3638653-LCTW01518-8374-TFK658-TTG624-MFG7152C1912500DTFK.xml
AANAK056TEG1,18.0,-96.0,19.3019,-96.51,12457.76,12443.299805,1.398228740228152,14.460194999999658,2026-04-05T08.24.52.8288722-LCTW01518-8374-DMT112-TTG624-DMTDUMMY.xml,2026-04-05T07.15.40.3638653-LCTW01518-8374-TFK658-TTG624-MFG7152C1912500DTFK.xml
AANAK056TEG1,18.0,96.0,19.3019,96.51,12458.56,12441.400391,1.398228740228152,17.159609000000273,2026-04-05T08.24.52.8288722-LCTW01518-8374-DMT112-TTG624-DMTDUMMY.xml,2026-04-05T07.15.40.3638653-LCTW01518-8374-TFK658-TTG624-MFG7152C1912500DTFK.xml
AANAK056TEG1,96.0,18.0,96.51,19.3019,12459.45,12446.799805,1.398228740228152,12.650195000000167,2026-04-05T08.24.52.8288722-LCTW01518-8374-DMT112-TTG624-DMTDUMMY.xml,2026-04-05T07.15.40.3638653-LCTW01518-8374-TFK658-TTG624-MFG7152C1912500DTFK.xml
AANAK056TEG1,72.0,-69.0,71.2039,-69.2075,12454.93,12442.400391,0.8226976722952309,12.529609000001074,2026-04-05T08.24.52.8288722-LCTW01518-8374-DMT112-TTG624-DMTDUMMY.xml,2026-04-05T07.15.40.3638653-LCTW01518-8374-TFK658-TTG624-MFG7152C1912500DTFK.xml
AANAK056TEG1,-96.0,-57.0,-96.51,-57.9062,12417.65,12403.5,1.0398550091238692,14.149999999999636,2026-04-05T08.24.52.8288722-LCTW01518-8374-DMT112-TTG624-DMTDUMMY.xml,2026-04-05T07.15.40.3638653-LCTW01518-8374-TFK658-TTG624-MFG7152C1912500DTFK.xml
AANAK056TEG1,-57.0,-96.0,-57.9062,-96.51,12420.32,12403.299805,1.0398550091238692,17.02019499999915,2026-04-05T08.24.52.8288722-LCTW01518-8374-DMT112-TTG624-DMTDUMMY.xml,2026-04-05T07.15.40.3638653-LCTW01518-8374-TFK658-TTG624-MFG7152C1912500DTFK.xml
AANAK056TEG1,-57.0,96.0,-57.9062,96.51,12419.67,12404.099609,1.0398550091238692,15.57039099999929,2026-04-05T08.24.52.8288722-LCTW01518-8374-DMT112-TTG624-DMTDUMMY.xml,2026-04-05T07.15.40.3638653-LCTW01518-8374-TFK658-TTG624-MFG7152C1912500DTFK.xml
AANAK056TEG1,96.0,63.0,94.9361,61.8829,12415.09,12404.400391,1.5426586206935122,10.689609000000928,2026-04-05T08.24.52.8288722-LCTW01518-8374-DMT112-TTG624-DMTDUMMY.xml,2026-04-05T07.15.40.3638653-LCTW01518-8374-TFK658-TTG624-MFG7152C1912500DTFK.xml
AANAK056TEG1,-120.0,-3.0,-118.655,-3.6622,12386.87,12378.200195,1.4991777212859043,8.669805000001361,2026-04-05T08.24.52.8288722-LCTW01518-8374-DMT112-TTG624-DMTDUMMY.xml,2026-04-05T07.15.40.3638653-LCTW01518-8374-TFK658-TTG624-MFG7152C1912500DTFK.xml
AANAK056TEG1,0.0,126.0,0.0067,127.428,12377.03,12357.700195,1.4280157177006112,19.329805000001215,2026-04-05T08.24.52.8288722-LCTW01518-8374-DMT112-TTG624-DMTDUMMY.xml,2026-04-05T07.15.40.3638653-LCTW01518-8374-TFK658-TTG624-MFG7152C1912500DTFK.xml
AANAK056TEG1,0.0,-135.0,0.0067,-134.7529999,12349.54,12335.099609,0.24709095369926845,14.44039100000009,2026-04-05T08.24.52.8288722-LCTW01518-8374-DMT112-TTG624-DMTDUMMY.xml,2026-04-05T07.15.40.3638653-LCTW01518-8374-TFK658-TTG624-MFG7152C1912500DTFK.xml
AANAK056TEG1,-96.0,96.0,-96.51,96.51,12339.35,12325.299805,0.7212489168102857,14.050194999999803,2026-04-05T08.24.52.8288722-LCTW01518-8374-DMT112-TTG624-DMTDUMMY.xml,2026-04-05T07.15.40.3638653-LCTW01518-8374-TFK658-TTG624-MFG7152C1912500DTFK.xml
AANAK056TEG1,96.0,-96.0,96.51,-96.51,12352.47,12333.200195,0.7212489168102857,19.269804999999906,2026-04-05T08.24.52.8288722-LCTW01518-8374-DMT112-TTG624-DMTDUMMY.xml,2026-04-05T07.15.40.3638653-LCTW01518-8374-TFK658-TTG624-MFG7152C1912500DTFK.xml
AANAK056TEG1,135.0,18.0,136.2,19.3019,12342.24,12319.5,1.7705771968485227,22.73999999999978,2026-04-05T08.24.52.8288722-LCTW01518-8374-DMT112-TTG624-DMTDUMMY.xml,2026-04-05T07.15.40.3638653-LCTW01518-8374-TFK658-TTG624-MFG7152C1912500DTFK.xml
AANAK056TEG1,72.0,126.0,71.2039,127.428,12330.86,12321.799805,1.6349187166339447,9.060195000000022,2026-04-05T08.24.52.8288722-LCTW01518-8374-DMT112-TTG624-DMTDUMMY.xml,2026-04-05T07.15.40.3638653-LCTW01518-8374-TFK658-TTG624-MFG7152C1912500DTFK.xml
AANAK056TEG1,141.0,-36.0,142.401,-36.4348,12327.68,12378.400391,1.466919234313884,-50.720390999998926,2026-04-05T08.24.52.8288722-LCTW01518-8374-DMT112-TTG624-DMTDUMMY.xml,2026-04-05T07.15.40.3638653-LCTW01518-8374-TFK658-TTG624-MFG7152C1912500DTFK.xml
AANAK056TEG1,-135.0,-57.0,-136.2,-57.9062,12533.71,12520.799805,1.503728180224062,12.910194999998566,2026-04-05T08.24.52.8288722-LCTW01518-8374-DMT112-TTG624-DMTDUMMY.xml,2026-04-05T07.15.40.3638653-LCTW01518-8374-TFK658-TTG624-MFG7152C1912500DTFK.xml
AANAK056TEG1,-135.0,57.0,-136.2,57.9062,12547.06,12519.5,1.503728180224062,27.55999999999949,2026-04-05T08.24.52.8288722-LCTW01518-8374-DMT112-TTG624-DMTDUMMY.xml,2026-04-05T07.15.40.3638653-LCTW01518-8374-TFK658-TTG624-MFG7152C1912500DTFK.xml
AANAK056TEG1,-57.0,-135.0,-57.9062,-136.2,12525.03,12529.599609,1.503728180224062,-4.569609000000128,2026-04-05T08.24.52.8288722-LCTW01518-8374-DMT112-TTG624-DMTDUMMY.xml,2026-04-05T07.15.40.3638653-LCTW01518-8374-TFK658-TTG624-MFG7152C1912500DTFK.xml
AANAK056TEG1,-57.0,135.0,-57.9062,136.2,12561.53,12525.799805,1.503728180224062,35.730195000000094,2026-04-05T08.24.52.8288722-LCTW01518-8374-DMT112-TTG624-DMTDUMMY.xml,2026-04-05T07.15.40.3638653-LCTW01518-8374-TFK658-TTG624-MFG7152C1912500DTFK.xml
AANAK056TEG1,57.0,-135.0,57.9062,-136.2,12533.16,12542.200195,1.503728180224062,-9.040194999999585,2026-04-05T08.24.52.8288722-LCTW01518-8374-DMT112-TTG624-DMTDUMMY.xml,2026-04-05T07.15.40.3638653-LCTW01518-8374-TFK658-TTG624-MFG7152C1912500DTFK.xml
AANAK040TEF5,0.0,0.0,0.0067,-3.6622,12657.6,12642.5,3.6622061288245367,15.100000000000364,2026-04-06T05.51.16.9901816-LCTW01518-8374-DMT112-TTG624-DMTDUMMY.xml,2026-04-05T19.36.45.0766439-LCTW01518-8374-TFK554-TTG624-MFG7152C1912500DTFK.xml
AANAK040TEF5,18.0,18.0,19.3019,19.3019,12633.62,12621.200195,1.8411646368535322,12.419805000001361,2026-04-06T05.51.16.9901816-LCTW01518-8374-DMT112-TTG624-DMTDUMMY.xml,2026-04-05T19.36.45.0766439-LCTW01518-8374-TFK554-TTG624-MFG7152C1912500DTFK.xml
AANAK040TEF5,18.0,-21.0,19.3019,-19.3019,12634.28,12624.5,2.1397399888771536,9.780000000000655,2026-04-06T05.51.16.9901816-LCTW01518-8374-DMT112-TTG624-DMTDUMMY.xml,2026-04-05T19.36.45.0766439-LCTW01518-8374-TFK554-TTG624-MFG7152C1912500DTFK.xml
AANAK040TEF5,-48.0,-36.0,-47.4578,-36.4348,12591.04,12582.900391,0.6950049496226653,8.139609000001656,2026-04-06T05.51.16.9901816-LCTW01518-8374-DMT112-TTG624-DMTDUMMY.xml,2026-04-05T19.36.45.0766439-LCTW01518-8374-TFK554-TTG624-MFG7152C1912500DTFK.xml
AANAK040TEF5,-57.0,18.0,-57.9062,19.3019,12591.24,12579.400391,1.5862351811758546,11.839609000000564,2026-04-06T05.51.16.9901816-LCTW01518-8374-DMT112-TTG624-DMTDUMMY.xml,2026-04-05T19.36.45.0766439-LCTW01518-8374-TFK554-TTG624-MFG7152C1912500DTFK.xml
AANAK040TEF5,-18.0,-57.0,-19.3019,-57.9062,12590.68,12578.799805,1.5862351811758546,11.88019499999973,2026-04-06T05.51.16.9901816-LCTW01518-8374-DMT112-TTG624-DMTDUMMY.xml,2026-04-05T19.36.45.0766439-LCTW01518-8374-TFK554-TTG624-MFG7152C1912500DTFK.xml
AANAK040TEF5,-18.0,57.0,-19.3019,57.9062,12586.34,12573.400391,1.5862351811758546,12.939609000000928,2026-04-06T05.51.16.9901816-LCTW01518-8374-DMT112-TTG624-DMTDUMMY.xml,2026-04-05T19.36.45.0766439-LCTW01518-8374-TFK554-TTG624-MFG7152C1912500DTFK.xml
AANAK040TEF5,72.0,-3.0,71.2039,-3.6622,12548.42,12538.299805,1.035511491969062,10.120194999999512,2026-04-06T05.51.16.9901816-LCTW01518-8374-DMT112-TTG624-DMTDUMMY.xml,2026-04-05T19.36.45.0766439-LCTW01518-8374-TFK554-TTG624-MFG7152C1912500DTFK.xml
AANAK040TEF5,57.0,57.0,57.9062,57.9062,12525.76,12510.5,1.2815603302224963,15.260000000000218,2026-04-06T05.51.16.9901816-LCTW01518-8374-DMT112-TTG624-DMTDUMMY.xml,2026-04-05T19.36.45.0766439-LCTW01518-8374-TFK554-TTG624-MFG7152C1912500DTFK.xml
AANAK040TEF5,-72.0,63.0,-71.1902,61.8829,12492.08,12486.299805,1.37974216794298,5.780194999999367,2026-04-06T05.51.16.9901816-LCTW01518-8374-DMT112-TTG624-DMTDUMMY.xml,2026-04-05T19.36.45.0766439-LCTW01518-8374-TFK554-TTG624-MFG7152C1912500DTFK.xml
AANAK040TEF5,18.0,-96.0,19.3019,-96.51,12489.85,12475.299805,1.398228740228152,14.550194999999803,2026-04-06T05.51.16.9901816-LCTW01518-8374-DMT112-TTG624-DMTDUMMY.xml,2026-04-05T19.36.45.0766439-LCTW01518-8374-TFK554-TTG624-MFG7152C1912500DTFK.xml
AANAK040TEF5,18.0,96.0,19.3019,96.51,12489.78,12473.099609,1.398228740228152,16.680390999999872,2026-04-06T05.51.16.9901816-LCTW01518-8374-DMT112-TTG624-DMTDUMMY.xml,2026-04-05T19.36.45.0766439-LCTW01518-8374-TFK554-TTG624-MFG7152C1912500DTFK.xml
AANAK040TEF5,96.0,18.0,96.51,19.3019,12488.55,12472.0,1.398228740228152,16.549999999999272,2026-04-06T05.51.16.9901816-LCTW01518-8374-DMT112-TTG624-DMTDUMMY.xml,2026-04-05T19.36.45.0766439-LCTW01518-8374-TFK554-TTG624-MFG7152C1912500DTFK.xml
AANAK040TEF5,72.0,-69.0,71.2039,-69.2075,12487.48,12473.299805,0.8226976722952309,14.180194999999003,2026-04-06T05.51.16.9901816-LCTW01518-8374-DMT112-TTG624-DMTDUMMY.xml,2026-04-05T19.36.45.0766439-LCTW01518-8374-TFK554-TTG624-MFG7152C1912500DTFK.xml
AANAK040TEF5,-96.0,-57.0,-96.51,-57.9062,12455.94,12440.799805,1.0398550091238692,15.140194999999949,2026-04-06T05.51.16.9901816-LCTW01518-8374-DMT112-TTG624-DMTDUMMY.xml,2026-04-05T19.36.45.0766439-LCTW01518-8374-TFK554-TTG624-MFG7152C1912500DTFK.xml
AANAK040TEF5,-57.0,-96.0,-57.9062,-96.51,12453.02,12434.599609,1.0398550091238692,18.420390999999654,2026-04-06T05.51.16.9901816-LCTW01518-8374-DMT112-TTG624-DMTDUMMY.xml,2026-04-05T19.36.45.0766439-LCTW01518-8374-TFK554-TTG624-MFG7152C1912500DTFK.xml
AANAK040TEF5,-57.0,96.0,-57.9062,96.51,12450.09,12436.099609,1.0398550091238692,13.990390999999363,2026-04-06T05.51.16.9901816-LCTW01518-8374-DMT112-TTG624-DMTDUMMY.xml,2026-04-05T19.36.45.0766439-LCTW01518-8374-TFK554-TTG624-MFG7152C1912500DTFK.xml
AANAK040TEF5,96.0,63.0,94.9361,61.8829,12441.38,12431.400391,1.5426586206935122,9.979608999999982,2026-04-06T05.51.16.9901816-LCTW01518-8374-DMT112-TTG624-DMTDUMMY.xml,2026-04-05T19.36.45.0766439-LCTW01518-8374-TFK554-TTG624-MFG7152C1912500DTFK.xml
AANAK040TEF5,-120.0,-3.0,-118.655,-3.6622,12428.16,12419.5,1.4991777212859043,8.659999999999854,2026-04-06T05.51.16.9901816-LCTW01518-8374-DMT112-TTG624-DMTDUMMY.xml,2026-04-05T19.36.45.0766439-LCTW01518-8374-TFK554-TTG624-MFG7152C1912500DTFK.xml
AANAK040TEF5,0.0,126.0,0.0067,127.428,12408.85,12390.700195,1.4280157177006112,18.149805000000924,2026-04-06T05.51.16.9901816-LCTW01518-8374-DMT112-TTG624-DMTDUMMY.xml,2026-04-05T19.36.45.0766439-LCTW01518-8374-TFK554-TTG624-MFG7152C1912500DTFK.xml
AANAK040TEF5,0.0,-135.0,0.0067,-134.7529999,12378.11,12368.200195,0.24709095369926845,9.909805000001143,2026-04-06T05.51.16.9901816-LCTW01518-8374-DMT112-TTG624-DMTDUMMY.xml,2026-04-05T19.36.45.0766439-LCTW01518-8374-TFK554-TTG624-MFG7152C1912500DTFK.xml
AANAK040TEF5,-96.0,96.0,-96.51,96.51,12372.82,12355.299805,0.7212489168102857,17.52019499999915,2026-04-06T05.51.16.9901816-LCTW01518-8374-DMT112-TTG624-DMTDUMMY.xml,2026-04-05T19.36.45.0766439-LCTW01518-8374-TFK554-TTG624-MFG7152C1912500DTFK.xml
AANAK040TEF5,96.0,-96.0,96.51,-96.51,12374.92,12356.200195,0.7212489168102857,18.719805000000633,2026-04-06T05.51.16.9901816-LCTW01518-8374-DMT112-TTG624-DMTDUMMY.xml,2026-04-05T19.36.45.0766439-LCTW01518-8374-TFK554-TTG624-MFG7152C1912500DTFK.xml
AANAK040TEF5,135.0,18.0,136.2,19.3019,12368.29,12346.099609,1.7705771968485227,22.19039100000009,2026-04-06T05.51.16.9901816-LCTW01518-8374-DMT112-TTG624-DMTDUMMY.xml,2026-04-05T19.36.45.0766439-LCTW01518-8374-TFK554-TTG624-MFG7152C1912500DTFK.xml
AANAK040TEF5,72.0,126.0,71.2039,127.428,12335.4,12331.099609,1.6349187166339447,4.300390999998854,2026-04-06T05.51.16.9901816-LCTW01518-8374-DMT112-TTG624-DMTDUMMY.xml,2026-04-05T19.36.45.0766439-LCTW01518-8374-TFK554-TTG624-MFG7152C1912500DTFK.xml
AANAK040TEF5,141.0,-36.0,142.401,-36.4348,12336.86,12376.099609,1.466919234313884,-39.2396090000002,2026-04-06T05.51.16.9901816-LCTW01518-8374-DMT112-TTG624-DMTDUMMY.xml,2026-04-05T19.36.45.0766439-LCTW01518-8374-TFK554-TTG624-MFG7152C1912500DTFK.xml
AANAK040TEF5,-135.0,-57.0,-136.2,-57.9062,12554.09,12539.299805,1.503728180224062,14.790194999999585,2026-04-06T05.51.16.9901816-LCTW01518-8374-DMT112-TTG624-DMTDUMMY.xml,2026-04-05T19.36.45.0766439-LCTW01518-8374-TFK554-TTG624-MFG7152C1912500DTFK.xml
AANAK040TEF5,-135.0,57.0,-136.2,57.9062,12568.07,12541.5,1.503728180224062,26.56999999999971,2026-04-06T05.51.16.9901816-LCTW01518-8374-DMT112-TTG624-DMTDUMMY.xml,2026-04-05T19.36.45.0766439-LCTW01518-8374-TFK554-TTG624-MFG7152C1912500DTFK.xml
AANAK040TEF5,-57.0,-135.0,-57.9062,-136.2,12541.64,12536.400391,1.503728180224062,5.2396090000002005,2026-04-06T05.51.16.9901816-LCTW01518-8374-DMT112-TTG624-DMTDUMMY.xml,2026-04-05T19.36.45.0766439-LCTW01518-8374-TFK554-TTG624-MFG7152C1912500DTFK.xml
AANAK040TEF5,-57.0,135.0,-57.9062,136.2,12564.86,12535.700195,1.503728180224062,29.159805000001143,2026-04-06T05.51.16.9901816-LCTW01518-8374-DMT112-TTG624-DMTDUMMY.xml,2026-04-05T19.36.45.0766439-LCTW01518-8374-TFK554-TTG624-MFG7152C1912500DTFK.xml
AANAK040TEF5,57.0,-135.0,57.9062,-136.2,12542.22,12547.099609,1.503728180224062,-4.879609000001437,2026-04-06T05.51.16.9901816-LCTW01518-8374-DMT112-TTG624-DMTDUMMY.xml,2026-04-05T19.36.45.0766439-LCTW01518-8374-TFK554-TTG624-MFG7152C1912500DTFK.xml
AANAK067TEA1,0.0,0.0,0.0067,-3.6622,12664.49,12652.799805,3.6622061288245367,11.690194999999221,2026-04-05T08.24.52.8288722-LCTW01518-8374-DMT112-TTG624-DMTDUMMY.xml,2026-04-05T07.15.40.3638653-LCTW01518-8374-TFK658-TTG624-MFG7152C1912500DTFK.xml
AANAK067TEA1,18.0,18.0,19.3019,19.3019,12647.21,12633.599609,1.8411646368535322,13.610390999998344,2026-04-05T08.24.52.8288722-LCTW01518-8374-DMT112-TTG624-DMTDUMMY.xml,2026-04-05T07.15.40.3638653-LCTW01518-8374-TFK658-TTG624-MFG7152C1912500DTFK.xml
AANAK067TEA1,18.0,-21.0,19.3019,-19.3019,12647.93,12635.0,2.1397399888771536,12.930000000000291,2026-04-05T08.24.52.8288722-LCTW01518-8374-DMT112-TTG624-DMTDUMMY.xml,2026-04-05T07.15.40.3638653-LCTW01518-8374-TFK658-TTG624-MFG7152C1912500DTFK.xml
AANAK067TEA1,-48.0,-36.0,-47.4578,-36.4348,12604.88,12592.900391,0.6950049496226653,11.979608999999982,2026-04-05T08.24.52.8288722-LCTW01518-8374-DMT112-TTG624-DMTDUMMY.xml,2026-04-05T07.15.40.3638653-LCTW01518-8374-TFK658-TTG624-MFG7152C1912500DTFK.xml
AANAK067TEA1,-57.0,18.0,-57.9062,19.3019,12601.44,12587.5,1.5862351811758546,13.94000000000051,2026-04-05T08.24.52.8288722-LCTW01518-8374-DMT112-TTG624-DMTDUMMY.xml,2026-04-05T07.15.40.3638653-LCTW01518-8374-TFK658-TTG624-MFG7152C1912500DTFK.xml
AANAK067TEA1,-18.0,-57.0,-19.3019,-57.9062,12599.8,12583.700195,1.5862351811758546,16.099804999999833,2026-04-05T08.24.52.8288722-LCTW01518-8374-DMT112-TTG624-DMTDUMMY.xml,2026-04-05T07.15.40.3638653-LCTW01518-8374-TFK658-TTG624-MFG7152C1912500DTFK.xml
AANAK067TEA1,-18.0,57.0,-19.3019,57.9062,12599.33,12586.200195,1.5862351811758546,13.129805000000488,2026-04-05T08.24.52.8288722-LCTW01518-8374-DMT112-TTG624-DMTDUMMY.xml,2026-04-05T07.15.40.3638653-LCTW01518-8374-TFK658-TTG624-MFG7152C1912500DTFK.xml
AANAK067TEA1,72.0,-3.0,71.2039,-3.6622,12558.83,12549.400391,1.035511491969062,9.42960900000071,2026-04-05T08.24.52.8288722-LCTW01518-8374-DMT112-TTG624-DMTDUMMY.xml,2026-04-05T07.15.40.3638653-LCTW01518-8374-TFK658-TTG624-MFG7152C1912500DTFK.xml
AANAK067TEA1,57.0,57.0,57.9062,57.9062,12537.2,12521.200195,1.2815603302224963,15.999805000001288,2026-04-05T08.24.52.8288722-LCTW01518-8374-DMT112-TTG624-DMTDUMMY.xml,2026-04-05T07.15.40.3638653-LCTW01518-8374-TFK658-TTG624-MFG7152C1912500DTFK.xml
AANAK067TEA1,-72.0,63.0,-71.1902,61.8829,12499.36,12490.700195,1.37974216794298,8.659805000001143,2026-04-05T08.24.52.8288722-LCTW01518-8374-DMT112-TTG624-DMTDUMMY.xml,2026-04-05T07.15.40.3638653-LCTW01518-8374-TFK658-TTG624-MFG7152C1912500DTFK.xml
AANAK067TEA1,18.0,-96.0,19.3019,-96.51,12497.51,12485.200195,1.398228740228152,12.309805000000779,2026-04-05T08.24.52.8288722-LCTW01518-8374-DMT112-TTG624-DMTDUMMY.xml,2026-04-05T07.15.40.3638653-LCTW01518-8374-TFK658-TTG624-MFG7152C1912500DTFK.xml
AANAK067TEA1,18.0,96.0,19.3019,96.51,12498.56,12486.299805,1.398228740228152,12.26019499999893,2026-04-05T08.24.52.8288722-LCTW01518-8374-DMT112-TTG624-DMTDUMMY.xml,2026-04-05T07.15.40.3638653-LCTW01518-8374-TFK658-TTG624-MFG7152C1912500DTFK.xml
AANAK067TEA1,96.0,18.0,96.51,19.3019,12499.19,12484.5,1.398228740228152,14.69000000000051,2026-04-05T08.24.52.8288722-LCTW01518-8374-DMT112-TTG624-DMTDUMMY.xml,2026-04-05T07.15.40.3638653-LCTW01518-8374-TFK658-TTG624-MFG7152C1912500DTFK.xml
AANAK067TEA1,72.0,-69.0,71.2039,-69.2075,12492.16,12479.5,0.8226976722952309,12.659999999999854,2026-04-05T08.24.52.8288722-LCTW01518-8374-DMT112-TTG624-DMTDUMMY.xml,2026-04-05T07.15.40.3638653-LCTW01518-8374-TFK658-TTG624-MFG7152C1912500DTFK.xml
AANAK067TEA1,-96.0,-57.0,-96.51,-57.9062,12460.32,12444.200195,1.0398550091238692,16.11980500000027,2026-04-05T08.24.52.8288722-LCTW01518-8374-DMT112-TTG624-DMTDUMMY.xml,2026-04-05T07.15.40.3638653-LCTW01518-8374-TFK658-TTG624-MFG7152C1912500DTFK.xml
AANAK067TEA1,-57.0,-96.0,-57.9062,-96.51,12455.71,12440.200195,1.0398550091238692,15.509804999999687,2026-04-05T08.24.52.8288722-LCTW01518-8374-DMT112-TTG624-DMTDUMMY.xml,2026-04-05T07.15.40.3638653-LCTW01518-8374-TFK658-TTG624-MFG7152C1912500DTFK.xml
AANAK067TEA1,-57.0,96.0,-57.9062,96.51,12462.99,12449.400391,1.0398550091238692,13.589609000000564,2026-04-05T08.24.52.8288722-LCTW01518-8374-DMT112-TTG624-DMTDUMMY.xml,2026-04-05T07.15.40.3638653-LCTW01518-8374-TFK658-TTG624-MFG7152C1912500DTFK.xml
AANAK067TEA1,96.0,63.0,94.9361,61.8829,12456.39,12443.200195,1.5426586206935122,13.189804999999978,2026-04-05T08.24.52.8288722-LCTW01518-8374-DMT112-TTG624-DMTDUMMY.xml,2026-04-05T07.15.40.3638653-LCTW01518-8374-TFK658-TTG624-MFG7152C1912500DTFK.xml
AANAK067TEA1,-120.0,-3.0,-118.655,-3.6622,12434.6,12426.099609,1.4991777212859043,8.500390999999581,2026-04-05T08.24.52.8288722-LCTW01518-8374-DMT112-TTG624-DMTDUMMY.xml,2026-04-05T07.15.40.3638653-LCTW01518-8374-TFK658-TTG624-MFG7152C1912500DTFK.xml
AANAK067TEA1,0.0,126.0,0.0067,127.428,12422.03,12401.5,1.4280157177006112,20.530000000000655,2026-04-05T08.24.52.8288722-LCTW01518-8374-DMT112-TTG624-DMTDUMMY.xml,2026-04-05T07.15.40.3638653-LCTW01518-8374-TFK658-TTG624-MFG7152C1912500DTFK.xml
AANAK067TEA1,0.0,-135.0,0.0067,-134.7529999,12379.79,12364.099609,0.24709095369926845,15.69039100000009,2026-04-05T08.24.52.8288722-LCTW01518-8374-DMT112-TTG624-DMTDUMMY.xml,2026-04-05T07.15.40.3638653-LCTW01518-8374-TFK658-TTG624-MFG7152C1912500DTFK.xml
AANAK067TEA1,-96.0,96.0,-96.51,96.51,12388.9,12375.0,0.7212489168102857,13.899999999999636,2026-04-05T08.24.52.8288722-LCTW01518-8374-DMT112-TTG624-DMTDUMMY.xml,2026-04-05T07.15.40.3638653-LCTW01518-8374-TFK658-TTG624-MFG7152C1912500DTFK.xml
AANAK067TEA1,96.0,-96.0,96.51,-96.51,12385.8,12362.900391,0.7212489168102857,22.899609000000055,2026-04-05T08.24.52.8288722-LCTW01518-8374-DMT112-TTG624-DMTDUMMY.xml,2026-04-05T07.15.40.3638653-LCTW01518-8374-TFK658-TTG624-MFG7152C1912500DTFK.xml
AANAK067TEA1,135.0,18.0,136.2,19.3019,12380.81,12357.5,1.7705771968485227,23.30999999999949,2026-04-05T08.24.52.8288722-LCTW01518-8374-DMT112-TTG624-DMTDUMMY.xml,2026-04-05T07.15.40.3638653-LCTW01518-8374-TFK658-TTG624-MFG7152C1912500DTFK.xml
AANAK067TEA1,72.0,126.0,71.2039,127.428,12355.32,12351.5,1.6349187166339447,3.819999999999709,2026-04-05T08.24.52.8288722-LCTW01518-8374-DMT112-TTG624-DMTDUMMY.xml,2026-04-05T07.15.40.3638653-LCTW01518-8374-TFK658-TTG624-MFG7152C1912500DTFK.xml
AANAK067TEA1,141.0,-36.0,142.401,-36.4348,12350.42,12389.5,1.466919234313884,-39.07999999999993,2026-04-05T08.24.52.8288722-LCTW01518-8374-DMT112-TTG624-DMTDUMMY.xml,2026-04-05T07.15.40.3638653-LCTW01518-8374-TFK658-TTG624-MFG7152C1912500DTFK.xml
AANAK067TEA1,-135.0,-57.0,-136.2,-57.9062,12561.06,12553.0,1.503728180224062,8.05999999999949,2026-04-05T08.24.52.8288722-LCTW01518-8374-DMT112-TTG624-DMTDUMMY.xml,2026-04-05T07.15.40.3638653-LCTW01518-8374-TFK658-TTG624-MFG7152C1912500DTFK.xml
AANAK067TEA1,-135.0,57.0,-136.2,57.9062,12577.64,12555.799805,1.503728180224062,21.840194999998857,2026-04-05T08.24.52.8288722-LCTW01518-8374-DMT112-TTG624-DMTDUMMY.xml,2026-04-05T07.15.40.3638653-LCTW01518-8374-TFK658-TTG624-MFG7152C1912500DTFK.xml
AANAK067TEA1,-57.0,-135.0,-57.9062,-136.2,12538.98,12537.400391,1.503728180224062,1.579609000000346,2026-04-05T08.24.52.8288722-LCTW01518-8374-DMT112-TTG624-DMTDUMMY.xml,2026-04-05T07.15.40.3638653-LCTW01518-8374-TFK658-TTG624-MFG7152C1912500DTFK.xml
AANAK067TEA1,-57.0,135.0,-57.9062,136.2,12593.56,12557.099609,1.503728180224062,36.46039099999871,2026-04-05T08.24.52.8288722-LCTW01518-8374-DMT112-TTG624-DMTDUMMY.xml,2026-04-05T07.15.40.3638653-LCTW01518-8374-TFK658-TTG624-MFG7152C1912500DTFK.xml
AANAK067TEA1,57.0,-135.0,57.9062,-136.2,12538.06,12543.700195,1.503728180224062,-5.640194999999949,2026-04-05T08.24.52.8288722-LCTW01518-8374-DMT112-TTG624-DMTDUMMY.xml,2026-04-05T07.15.40.3638653-LCTW01518-8374-TFK658-TTG624-MFG7152C1912500DTFK.xml
