WaferID,DMT_X_mm,DMT_Y_mm,DMT_Thickness,TFK_X_mm,TFK_Y_mm,TFK_Thickness,Distance_mm,Thickness_Delta,DMT_File,TFK_File
AANAK055TEB7,0.0,0.0,12650.75,0.0067,-3.6622,12636.200195,3.6622061288245367,14.54980500000056,2026-04-06T05.51.16.9901816-LCTW01518-8374-DMT112-TTG624-DMTDUMMY.xml,2026-04-05T19.36.45.0766439-LCTW01518-8374-TFK554-TTG624-MFG7152C1912500DTFK.xml
AANAK055TEB7,18.0,18.0,12624.08,19.3019,19.3019,12610.299805,1.8411646368535322,13.780194999999367,2026-04-06T05.51.16.9901816-LCTW01518-8374-DMT112-TTG624-DMTDUMMY.xml,2026-04-05T19.36.45.0766439-LCTW01518-8374-TFK554-TTG624-MFG7152C1912500DTFK.xml
AANAK055TEB7,18.0,-21.0,12621.71,19.3019,-19.3019,12610.0,2.1397399888771536,11.709999999999127,2026-04-06T05.51.16.9901816-LCTW01518-8374-DMT112-TTG624-DMTDUMMY.xml,2026-04-05T19.36.45.0766439-LCTW01518-8374-TFK554-TTG624-MFG7152C1912500DTFK.xml
AANAK055TEB7,-48.0,-36.0,12580.56,-47.4578,-36.4348,12574.400391,0.6950049496226653,6.159609000000273,2026-04-06T05.51.16.9901816-LCTW01518-8374-DMT112-TTG624-DMTDUMMY.xml,2026-04-05T19.36.45.0766439-LCTW01518-8374-TFK554-TTG624-MFG7152C1912500DTFK.xml
AANAK055TEB7,-57.0,18.0,12578.38,-57.9062,19.3019,12568.200195,1.5862351811758546,10.17980499999976,2026-04-06T05.51.16.9901816-LCTW01518-8374-DMT112-TTG624-DMTDUMMY.xml,2026-04-05T19.36.45.0766439-LCTW01518-8374-TFK554-TTG624-MFG7152C1912500DTFK.xml
AANAK055TEB7,-18.0,-57.0,12578.27,-19.3019,-57.9062,12563.200195,1.5862351811758546,15.069805000000997,2026-04-06T05.51.16.9901816-LCTW01518-8374-DMT112-TTG624-DMTDUMMY.xml,2026-04-05T19.36.45.0766439-LCTW01518-8374-TFK554-TTG624-MFG7152C1912500DTFK.xml
AANAK055TEB7,-18.0,57.0,12574.85,-19.3019,57.9062,12563.799805,1.5862351811758546,11.050194999999803,2026-04-06T05.51.16.9901816-LCTW01518-8374-DMT112-TTG624-DMTDUMMY.xml,2026-04-05T19.36.45.0766439-LCTW01518-8374-TFK554-TTG624-MFG7152C1912500DTFK.xml
AANAK055TEB7,72.0,-3.0,12537.13,71.2039,-3.6622,12527.299805,1.035511491969062,9.830194999998639,2026-04-06T05.51.16.9901816-LCTW01518-8374-DMT112-TTG624-DMTDUMMY.xml,2026-04-05T19.36.45.0766439-LCTW01518-8374-TFK554-TTG624-MFG7152C1912500DTFK.xml
AANAK055TEB7,57.0,57.0,12517.24,57.9062,57.9062,12504.299805,1.2815603302224963,12.940194999999221,2026-04-06T05.51.16.9901816-LCTW01518-8374-DMT112-TTG624-DMTDUMMY.xml,2026-04-05T19.36.45.0766439-LCTW01518-8374-TFK554-TTG624-MFG7152C1912500DTFK.xml
AANAK055TEB7,-72.0,63.0,12486.53,-71.1902,61.8829,12474.799805,1.37974216794298,11.730195000000094,2026-04-06T05.51.16.9901816-LCTW01518-8374-DMT112-TTG624-DMTDUMMY.xml,2026-04-05T19.36.45.0766439-LCTW01518-8374-TFK554-TTG624-MFG7152C1912500DTFK.xml
AANAK055TEB7,18.0,-96.0,12482.83,19.3019,-96.51,12468.200195,1.398228740228152,14.629805000000488,2026-04-06T05.51.16.9901816-LCTW01518-8374-DMT112-TTG624-DMTDUMMY.xml,2026-04-05T19.36.45.0766439-LCTW01518-8374-TFK554-TTG624-MFG7152C1912500DTFK.xml
AANAK055TEB7,18.0,96.0,12485.11,19.3019,96.51,12469.299805,1.398228740228152,15.810195000000022,2026-04-06T05.51.16.9901816-LCTW01518-8374-DMT112-TTG624-DMTDUMMY.xml,2026-04-05T19.36.45.0766439-LCTW01518-8374-TFK554-TTG624-MFG7152C1912500DTFK.xml
AANAK055TEB7,96.0,18.0,12482.13,96.51,19.3019,12469.799805,1.398228740228152,12.330194999998639,2026-04-06T05.51.16.9901816-LCTW01518-8374-DMT112-TTG624-DMTDUMMY.xml,2026-04-05T19.36.45.0766439-LCTW01518-8374-TFK554-TTG624-MFG7152C1912500DTFK.xml
AANAK055TEB7,72.0,-69.0,12478.73,71.2039,-69.2075,12468.299805,0.8226976722952309,10.430194999999003,2026-04-06T05.51.16.9901816-LCTW01518-8374-DMT112-TTG624-DMTDUMMY.xml,2026-04-05T19.36.45.0766439-LCTW01518-8374-TFK554-TTG624-MFG7152C1912500DTFK.xml
AANAK055TEB7,-96.0,-57.0,12450.36,-96.51,-57.9062,12435.0,1.0398550091238692,15.360000000000582,2026-04-06T05.51.16.9901816-LCTW01518-8374-DMT112-TTG624-DMTDUMMY.xml,2026-04-05T19.36.45.0766439-LCTW01518-8374-TFK554-TTG624-MFG7152C1912500DTFK.xml
AANAK055TEB7,-57.0,-96.0,12446.62,-57.9062,-96.51,12430.299805,1.0398550091238692,16.32019500000024,2026-04-06T05.51.16.9901816-LCTW01518-8374-DMT112-TTG624-DMTDUMMY.xml,2026-04-05T19.36.45.0766439-LCTW01518-8374-TFK554-TTG624-MFG7152C1912500DTFK.xml
AANAK055TEB7,-57.0,96.0,12446.52,-57.9062,96.51,12429.5,1.0398550091238692,17.020000000000437,2026-04-06T05.51.16.9901816-LCTW01518-8374-DMT112-TTG624-DMTDUMMY.xml,2026-04-05T19.36.45.0766439-LCTW01518-8374-TFK554-TTG624-MFG7152C1912500DTFK.xml
AANAK055TEB7,96.0,63.0,12440.11,94.9361,61.8829,12428.599609,1.5426586206935122,11.5103909999998,2026-04-06T05.51.16.9901816-LCTW01518-8374-DMT112-TTG624-DMTDUMMY.xml,2026-04-05T19.36.45.0766439-LCTW01518-8374-TFK554-TTG624-MFG7152C1912500DTFK.xml
AANAK055TEB7,-120.0,-3.0,12424.2,-118.655,-3.6622,12412.5,1.4991777212859043,11.700000000000728,2026-04-06T05.51.16.9901816-LCTW01518-8374-DMT112-TTG624-DMTDUMMY.xml,2026-04-05T19.36.45.0766439-LCTW01518-8374-TFK554-TTG624-MFG7152C1912500DTFK.xml
AANAK055TEB7,0.0,126.0,12403.68,0.0067,127.428,12383.599609,1.4280157177006112,20.08039099999951,2026-04-06T05.51.16.9901816-LCTW01518-8374-DMT112-TTG624-DMTDUMMY.xml,2026-04-05T19.36.45.0766439-LCTW01518-8374-TFK554-TTG624-MFG7152C1912500DTFK.xml
AANAK055TEB7,0.0,-135.0,12370.49,0.0067,-134.7529999,12353.799805,0.24709095369926845,16.69019499999922,2026-04-06T05.51.16.9901816-LCTW01518-8374-DMT112-TTG624-DMTDUMMY.xml,2026-04-05T19.36.45.0766439-LCTW01518-8374-TFK554-TTG624-MFG7152C1912500DTFK.xml
AANAK055TEB7,-96.0,96.0,12366.69,-96.51,96.51,12349.700195,0.7212489168102857,16.98980500000107,2026-04-06T05.51.16.9901816-LCTW01518-8374-DMT112-TTG624-DMTDUMMY.xml,2026-04-05T19.36.45.0766439-LCTW01518-8374-TFK554-TTG624-MFG7152C1912500DTFK.xml
AANAK055TEB7,96.0,-96.0,12370.79,96.51,-96.51,12351.0,0.7212489168102857,19.790000000000873,2026-04-06T05.51.16.9901816-LCTW01518-8374-DMT112-TTG624-DMTDUMMY.xml,2026-04-05T19.36.45.0766439-LCTW01518-8374-TFK554-TTG624-MFG7152C1912500DTFK.xml
AANAK055TEB7,135.0,18.0,12365.45,136.2,19.3019,12338.0,1.7705771968485227,27.450000000000728,2026-04-06T05.51.16.9901816-LCTW01518-8374-DMT112-TTG624-DMTDUMMY.xml,2026-04-05T19.36.45.0766439-LCTW01518-8374-TFK554-TTG624-MFG7152C1912500DTFK.xml
AANAK055TEB7,72.0,126.0,12330.82,71.2039,127.428,12329.099609,1.6349187166339447,1.7203909999989264,2026-04-06T05.51.16.9901816-LCTW01518-8374-DMT112-TTG624-DMTDUMMY.xml,2026-04-05T19.36.45.0766439-LCTW01518-8374-TFK554-TTG624-MFG7152C1912500DTFK.xml
AANAK055TEB7,141.0,-36.0,12336.06,142.401,-36.4348,12373.400391,1.466919234313884,-37.34039099999973,2026-04-06T05.51.16.9901816-LCTW01518-8374-DMT112-TTG624-DMTDUMMY.xml,2026-04-05T19.36.45.0766439-LCTW01518-8374-TFK554-TTG624-MFG7152C1912500DTFK.xml
AANAK055TEB7,-135.0,-57.0,12554.63,-136.2,-57.9062,12535.900391,1.503728180224062,18.729608999999982,2026-04-06T05.51.16.9901816-LCTW01518-8374-DMT112-TTG624-DMTDUMMY.xml,2026-04-05T19.36.45.0766439-LCTW01518-8374-TFK554-TTG624-MFG7152C1912500DTFK.xml
AANAK055TEB7,-135.0,57.0,12550.68,-136.2,57.9062,12520.099609,1.503728180224062,30.58039099999951,2026-04-06T05.51.16.9901816-LCTW01518-8374-DMT112-TTG624-DMTDUMMY.xml,2026-04-05T19.36.45.0766439-LCTW01518-8374-TFK554-TTG624-MFG7152C1912500DTFK.xml
AANAK055TEB7,-57.0,-135.0,12542.86,-57.9062,-136.2,12531.099609,1.503728180224062,11.7603909999998,2026-04-06T05.51.16.9901816-LCTW01518-8374-DMT112-TTG624-DMTDUMMY.xml,2026-04-05T19.36.45.0766439-LCTW01518-8374-TFK554-TTG624-MFG7152C1912500DTFK.xml
AANAK055TEB7,-57.0,135.0,12545.78,-57.9062,136.2,12519.099609,1.503728180224062,26.680390999999872,2026-04-06T05.51.16.9901816-LCTW01518-8374-DMT112-TTG624-DMTDUMMY.xml,2026-04-05T19.36.45.0766439-LCTW01518-8374-TFK554-TTG624-MFG7152C1912500DTFK.xml
AANAK055TEB7,57.0,-135.0,12538.78,57.9062,-136.2,12538.299805,1.503728180224062,0.4801950000000943,2026-04-06T05.51.16.9901816-LCTW01518-8374-DMT112-TTG624-DMTDUMMY.xml,2026-04-05T19.36.45.0766439-LCTW01518-8374-TFK554-TTG624-MFG7152C1912500DTFK.xml
AANAK040TEF5,0.0,0.0,12657.6,0.0067,-3.6622,12642.5,3.6622061288245367,15.100000000000364,2026-04-06T05.51.16.9901816-LCTW01518-8374-DMT112-TTG624-DMTDUMMY.xml,2026-04-05T19.36.45.0766439-LCTW01518-8374-TFK554-TTG624-MFG7152C1912500DTFK.xml
AANAK040TEF5,18.0,18.0,12633.62,19.3019,19.3019,12621.200195,1.8411646368535322,12.419805000001361,2026-04-06T05.51.16.9901816-LCTW01518-8374-DMT112-TTG624-DMTDUMMY.xml,2026-04-05T19.36.45.0766439-LCTW01518-8374-TFK554-TTG624-MFG7152C1912500DTFK.xml
AANAK040TEF5,18.0,-21.0,12634.28,19.3019,-19.3019,12624.5,2.1397399888771536,9.780000000000655,2026-04-06T05.51.16.9901816-LCTW01518-8374-DMT112-TTG624-DMTDUMMY.xml,2026-04-05T19.36.45.0766439-LCTW01518-8374-TFK554-TTG624-MFG7152C1912500DTFK.xml
AANAK040TEF5,-48.0,-36.0,12591.04,-47.4578,-36.4348,12582.900391,0.6950049496226653,8.139609000001656,2026-04-06T05.51.16.9901816-LCTW01518-8374-DMT112-TTG624-DMTDUMMY.xml,2026-04-05T19.36.45.0766439-LCTW01518-8374-TFK554-TTG624-MFG7152C1912500DTFK.xml
AANAK040TEF5,-57.0,18.0,12591.24,-57.9062,19.3019,12579.400391,1.5862351811758546,11.839609000000564,2026-04-06T05.51.16.9901816-LCTW01518-8374-DMT112-TTG624-DMTDUMMY.xml,2026-04-05T19.36.45.0766439-LCTW01518-8374-TFK554-TTG624-MFG7152C1912500DTFK.xml
AANAK040TEF5,-18.0,-57.0,12590.68,-19.3019,-57.9062,12578.799805,1.5862351811758546,11.88019499999973,2026-04-06T05.51.16.9901816-LCTW01518-8374-DMT112-TTG624-DMTDUMMY.xml,2026-04-05T19.36.45.0766439-LCTW01518-8374-TFK554-TTG624-MFG7152C1912500DTFK.xml
AANAK040TEF5,-18.0,57.0,12586.34,-19.3019,57.9062,12573.400391,1.5862351811758546,12.939609000000928,2026-04-06T05.51.16.9901816-LCTW01518-8374-DMT112-TTG624-DMTDUMMY.xml,2026-04-05T19.36.45.0766439-LCTW01518-8374-TFK554-TTG624-MFG7152C1912500DTFK.xml
AANAK040TEF5,72.0,-3.0,12548.42,71.2039,-3.6622,12538.299805,1.035511491969062,10.120194999999512,2026-04-06T05.51.16.9901816-LCTW01518-8374-DMT112-TTG624-DMTDUMMY.xml,2026-04-05T19.36.45.0766439-LCTW01518-8374-TFK554-TTG624-MFG7152C1912500DTFK.xml
AANAK040TEF5,57.0,57.0,12525.76,57.9062,57.9062,12510.5,1.2815603302224963,15.260000000000218,2026-04-06T05.51.16.9901816-LCTW01518-8374-DMT112-TTG624-DMTDUMMY.xml,2026-04-05T19.36.45.0766439-LCTW01518-8374-TFK554-TTG624-MFG7152C1912500DTFK.xml
AANAK040TEF5,-72.0,63.0,12492.08,-71.1902,61.8829,12486.299805,1.37974216794298,5.780194999999367,2026-04-06T05.51.16.9901816-LCTW01518-8374-DMT112-TTG624-DMTDUMMY.xml,2026-04-05T19.36.45.0766439-LCTW01518-8374-TFK554-TTG624-MFG7152C1912500DTFK.xml
AANAK040TEF5,18.0,-96.0,12489.85,19.3019,-96.51,12475.299805,1.398228740228152,14.550194999999803,2026-04-06T05.51.16.9901816-LCTW01518-8374-DMT112-TTG624-DMTDUMMY.xml,2026-04-05T19.36.45.0766439-LCTW01518-8374-TFK554-TTG624-MFG7152C1912500DTFK.xml
AANAK040TEF5,18.0,96.0,12489.78,19.3019,96.51,12473.099609,1.398228740228152,16.680390999999872,2026-04-06T05.51.16.9901816-LCTW01518-8374-DMT112-TTG624-DMTDUMMY.xml,2026-04-05T19.36.45.0766439-LCTW01518-8374-TFK554-TTG624-MFG7152C1912500DTFK.xml
AANAK040TEF5,96.0,18.0,12488.55,96.51,19.3019,12472.0,1.398228740228152,16.549999999999272,2026-04-06T05.51.16.9901816-LCTW01518-8374-DMT112-TTG624-DMTDUMMY.xml,2026-04-05T19.36.45.0766439-LCTW01518-8374-TFK554-TTG624-MFG7152C1912500DTFK.xml
AANAK040TEF5,72.0,-69.0,12487.48,71.2039,-69.2075,12473.299805,0.8226976722952309,14.180194999999003,2026-04-06T05.51.16.9901816-LCTW01518-8374-DMT112-TTG624-DMTDUMMY.xml,2026-04-05T19.36.45.0766439-LCTW01518-8374-TFK554-TTG624-MFG7152C1912500DTFK.xml
AANAK040TEF5,-96.0,-57.0,12455.94,-96.51,-57.9062,12440.799805,1.0398550091238692,15.140194999999949,2026-04-06T05.51.16.9901816-LCTW01518-8374-DMT112-TTG624-DMTDUMMY.xml,2026-04-05T19.36.45.0766439-LCTW01518-8374-TFK554-TTG624-MFG7152C1912500DTFK.xml
AANAK040TEF5,-57.0,-96.0,12453.02,-57.9062,-96.51,12434.599609,1.0398550091238692,18.420390999999654,2026-04-06T05.51.16.9901816-LCTW01518-8374-DMT112-TTG624-DMTDUMMY.xml,2026-04-05T19.36.45.0766439-LCTW01518-8374-TFK554-TTG624-MFG7152C1912500DTFK.xml
AANAK040TEF5,-57.0,96.0,12450.09,-57.9062,96.51,12436.099609,1.0398550091238692,13.990390999999363,2026-04-06T05.51.16.9901816-LCTW01518-8374-DMT112-TTG624-DMTDUMMY.xml,2026-04-05T19.36.45.0766439-LCTW01518-8374-TFK554-TTG624-MFG7152C1912500DTFK.xml
AANAK040TEF5,96.0,63.0,12441.38,94.9361,61.8829,12431.400391,1.5426586206935122,9.979608999999982,2026-04-06T05.51.16.9901816-LCTW01518-8374-DMT112-TTG624-DMTDUMMY.xml,2026-04-05T19.36.45.0766439-LCTW01518-8374-TFK554-TTG624-MFG7152C1912500DTFK.xml
AANAK040TEF5,-120.0,-3.0,12428.16,-118.655,-3.6622,12419.5,1.4991777212859043,8.659999999999854,2026-04-06T05.51.16.9901816-LCTW01518-8374-DMT112-TTG624-DMTDUMMY.xml,2026-04-05T19.36.45.0766439-LCTW01518-8374-TFK554-TTG624-MFG7152C1912500DTFK.xml
AANAK040TEF5,0.0,126.0,12408.85,0.0067,127.428,12390.700195,1.4280157177006112,18.149805000000924,2026-04-06T05.51.16.9901816-LCTW01518-8374-DMT112-TTG624-DMTDUMMY.xml,2026-04-05T19.36.45.0766439-LCTW01518-8374-TFK554-TTG624-MFG7152C1912500DTFK.xml
AANAK040TEF5,0.0,-135.0,12378.11,0.0067,-134.7529999,12368.200195,0.24709095369926845,9.909805000001143,2026-04-06T05.51.16.9901816-LCTW01518-8374-DMT112-TTG624-DMTDUMMY.xml,2026-04-05T19.36.45.0766439-LCTW01518-8374-TFK554-TTG624-MFG7152C1912500DTFK.xml
AANAK040TEF5,-96.0,96.0,12372.82,-96.51,96.51,12355.299805,0.7212489168102857,17.52019499999915,2026-04-06T05.51.16.9901816-LCTW01518-8374-DMT112-TTG624-DMTDUMMY.xml,2026-04-05T19.36.45.0766439-LCTW01518-8374-TFK554-TTG624-MFG7152C1912500DTFK.xml
AANAK040TEF5,96.0,-96.0,12374.92,96.51,-96.51,12356.200195,0.7212489168102857,18.719805000000633,2026-04-06T05.51.16.9901816-LCTW01518-8374-DMT112-TTG624-DMTDUMMY.xml,2026-04-05T19.36.45.0766439-LCTW01518-8374-TFK554-TTG624-MFG7152C1912500DTFK.xml
AANAK040TEF5,135.0,18.0,12368.29,136.2,19.3019,12346.099609,1.7705771968485227,22.19039100000009,2026-04-06T05.51.16.9901816-LCTW01518-8374-DMT112-TTG624-DMTDUMMY.xml,2026-04-05T19.36.45.0766439-LCTW01518-8374-TFK554-TTG624-MFG7152C1912500DTFK.xml
AANAK040TEF5,72.0,126.0,12335.4,71.2039,127.428,12331.099609,1.6349187166339447,4.300390999998854,2026-04-06T05.51.16.9901816-LCTW01518-8374-DMT112-TTG624-DMTDUMMY.xml,2026-04-05T19.36.45.0766439-LCTW01518-8374-TFK554-TTG624-MFG7152C1912500DTFK.xml
AANAK040TEF5,141.0,-36.0,12336.86,142.401,-36.4348,12376.099609,1.466919234313884,-39.2396090000002,2026-04-06T05.51.16.9901816-LCTW01518-8374-DMT112-TTG624-DMTDUMMY.xml,2026-04-05T19.36.45.0766439-LCTW01518-8374-TFK554-TTG624-MFG7152C1912500DTFK.xml
AANAK040TEF5,-135.0,-57.0,12554.09,-136.2,-57.9062,12539.299805,1.503728180224062,14.790194999999585,2026-04-06T05.51.16.9901816-LCTW01518-8374-DMT112-TTG624-DMTDUMMY.xml,2026-04-05T19.36.45.0766439-LCTW01518-8374-TFK554-TTG624-MFG7152C1912500DTFK.xml
AANAK040TEF5,-135.0,57.0,12568.07,-136.2,57.9062,12541.5,1.503728180224062,26.56999999999971,2026-04-06T05.51.16.9901816-LCTW01518-8374-DMT112-TTG624-DMTDUMMY.xml,2026-04-05T19.36.45.0766439-LCTW01518-8374-TFK554-TTG624-MFG7152C1912500DTFK.xml
AANAK040TEF5,-57.0,-135.0,12541.64,-57.9062,-136.2,12536.400391,1.503728180224062,5.2396090000002005,2026-04-06T05.51.16.9901816-LCTW01518-8374-DMT112-TTG624-DMTDUMMY.xml,2026-04-05T19.36.45.0766439-LCTW01518-8374-TFK554-TTG624-MFG7152C1912500DTFK.xml
AANAK040TEF5,-57.0,135.0,12564.86,-57.9062,136.2,12535.700195,1.503728180224062,29.159805000001143,2026-04-06T05.51.16.9901816-LCTW01518-8374-DMT112-TTG624-DMTDUMMY.xml,2026-04-05T19.36.45.0766439-LCTW01518-8374-TFK554-TTG624-MFG7152C1912500DTFK.xml
AANAK040TEF5,57.0,-135.0,12542.22,57.9062,-136.2,12547.099609,1.503728180224062,-4.879609000001437,2026-04-06T05.51.16.9901816-LCTW01518-8374-DMT112-TTG624-DMTDUMMY.xml,2026-04-05T19.36.45.0766439-LCTW01518-8374-TFK554-TTG624-MFG7152C1912500DTFK.xml
AANAK091TEC7,0.0,0.0,12665.63,0.0067,-3.6622,12653.5,3.6622061288245367,12.1299999999992,2026-04-05T08.24.52.8288722-LCTW01518-8374-DMT112-TTG624-DMTDUMMY.xml,2026-04-05T07.15.40.3638653-LCTW01518-8374-TFK658-TTG624-MFG7152C1912500DTFK.xml
AANAK091TEC7,18.0,18.0,12642.2,19.3019,19.3019,12629.599609,1.8411646368535322,12.600390999999945,2026-04-05T08.24.52.8288722-LCTW01518-8374-DMT112-TTG624-DMTDUMMY.xml,2026-04-05T07.15.40.3638653-LCTW01518-8374-TFK658-TTG624-MFG7152C1912500DTFK.xml
AANAK091TEC7,18.0,-21.0,12639.48,19.3019,-19.3019,12624.299805,2.1397399888771536,15.180194999999003,2026-04-05T08.24.52.8288722-LCTW01518-8374-DMT112-TTG624-DMTDUMMY.xml,2026-04-05T07.15.40.3638653-LCTW01518-8374-TFK658-TTG624-MFG7152C1912500DTFK.xml
AANAK091TEC7,-48.0,-36.0,12590.51,-47.4578,-36.4348,12584.099609,0.6950049496226653,6.410390999999436,2026-04-05T08.24.52.8288722-LCTW01518-8374-DMT112-TTG624-DMTDUMMY.xml,2026-04-05T07.15.40.3638653-LCTW01518-8374-TFK658-TTG624-MFG7152C1912500DTFK.xml
AANAK091TEC7,-57.0,18.0,12591.61,-57.9062,19.3019,12580.299805,1.5862351811758546,11.310195000000022,2026-04-05T08.24.52.8288722-LCTW01518-8374-DMT112-TTG624-DMTDUMMY.xml,2026-04-05T07.15.40.3638653-LCTW01518-8374-TFK658-TTG624-MFG7152C1912500DTFK.xml
AANAK091TEC7,-18.0,-57.0,12588.42,-19.3019,-57.9062,12573.900391,1.5862351811758546,14.519609000000855,2026-04-05T08.24.52.8288722-LCTW01518-8374-DMT112-TTG624-DMTDUMMY.xml,2026-04-05T07.15.40.3638653-LCTW01518-8374-TFK658-TTG624-MFG7152C1912500DTFK.xml
AANAK091TEC7,-18.0,57.0,12587.78,-19.3019,57.9062,12575.200195,1.5862351811758546,12.579805000001215,2026-04-05T08.24.52.8288722-LCTW01518-8374-DMT112-TTG624-DMTDUMMY.xml,2026-04-05T07.15.40.3638653-LCTW01518-8374-TFK658-TTG624-MFG7152C1912500DTFK.xml
AANAK091TEC7,72.0,-3.0,12549.24,71.2039,-3.6622,12540.900391,1.035511491969062,8.339609000000564,2026-04-05T08.24.52.8288722-LCTW01518-8374-DMT112-TTG624-DMTDUMMY.xml,2026-04-05T07.15.40.3638653-LCTW01518-8374-TFK658-TTG624-MFG7152C1912500DTFK.xml
AANAK091TEC7,57.0,57.0,12532.86,57.9062,57.9062,12517.599609,1.2815603302224963,15.2603909999998,2026-04-05T08.24.52.8288722-LCTW01518-8374-DMT112-TTG624-DMTDUMMY.xml,2026-04-05T07.15.40.3638653-LCTW01518-8374-TFK658-TTG624-MFG7152C1912500DTFK.xml
AANAK091TEC7,-72.0,63.0,12498.33,-71.1902,61.8829,12487.799805,1.37974216794298,10.530194999999367,2026-04-05T08.24.52.8288722-LCTW01518-8374-DMT112-TTG624-DMTDUMMY.xml,2026-04-05T07.15.40.3638653-LCTW01518-8374-TFK658-TTG624-MFG7152C1912500DTFK.xml
AANAK091TEC7,18.0,-96.0,12488.39,19.3019,-96.51,12476.200195,1.398228740228152,12.189804999999978,2026-04-05T08.24.52.8288722-LCTW01518-8374-DMT112-TTG624-DMTDUMMY.xml,2026-04-05T07.15.40.3638653-LCTW01518-8374-TFK658-TTG624-MFG7152C1912500DTFK.xml
AANAK091TEC7,18.0,96.0,12494.43,19.3019,96.51,12481.599609,1.398228740228152,12.830390999999508,2026-04-05T08.24.52.8288722-LCTW01518-8374-DMT112-TTG624-DMTDUMMY.xml,2026-04-05T07.15.40.3638653-LCTW01518-8374-TFK658-TTG624-MFG7152C1912500DTFK.xml
AANAK091TEC7,96.0,18.0,12493.44,96.51,19.3019,12480.099609,1.398228740228152,13.340390999999727,2026-04-05T08.24.52.8288722-LCTW01518-8374-DMT112-TTG624-DMTDUMMY.xml,2026-04-05T07.15.40.3638653-LCTW01518-8374-TFK658-TTG624-MFG7152C1912500DTFK.xml
AANAK091TEC7,72.0,-69.0,12486.73,71.2039,-69.2075,12476.200195,0.8226976722952309,10.529805000000124,2026-04-05T08.24.52.8288722-LCTW01518-8374-DMT112-TTG624-DMTDUMMY.xml,2026-04-05T07.15.40.3638653-LCTW01518-8374-TFK658-TTG624-MFG7152C1912500DTFK.xml
AANAK091TEC7,-96.0,-57.0,12456.54,-96.51,-57.9062,12440.299805,1.0398550091238692,16.240195000000313,2026-04-05T08.24.52.8288722-LCTW01518-8374-DMT112-TTG624-DMTDUMMY.xml,2026-04-05T07.15.40.3638653-LCTW01518-8374-TFK658-TTG624-MFG7152C1912500DTFK.xml
AANAK091TEC7,-57.0,-96.0,12454.24,-57.9062,-96.51,12440.099609,1.0398550091238692,14.140390999999,2026-04-05T08.24.52.8288722-LCTW01518-8374-DMT112-TTG624-DMTDUMMY.xml,2026-04-05T07.15.40.3638653-LCTW01518-8374-TFK658-TTG624-MFG7152C1912500DTFK.xml
AANAK091TEC7,-57.0,96.0,12458.71,-57.9062,96.51,12440.900391,1.0398550091238692,17.80960899999991,2026-04-05T08.24.52.8288722-LCTW01518-8374-DMT112-TTG624-DMTDUMMY.xml,2026-04-05T07.15.40.3638653-LCTW01518-8374-TFK658-TTG624-MFG7152C1912500DTFK.xml
AANAK091TEC7,96.0,63.0,12450.8,94.9361,61.8829,12437.0,1.5426586206935122,13.799999999999272,2026-04-05T08.24.52.8288722-LCTW01518-8374-DMT112-TTG624-DMTDUMMY.xml,2026-04-05T07.15.40.3638653-LCTW01518-8374-TFK658-TTG624-MFG7152C1912500DTFK.xml
AANAK091TEC7,-120.0,-3.0,12430.64,-118.655,-3.6622,12419.900391,1.4991777212859043,10.7396090000002,2026-04-05T08.24.52.8288722-LCTW01518-8374-DMT112-TTG624-DMTDUMMY.xml,2026-04-05T07.15.40.3638653-LCTW01518-8374-TFK658-TTG624-MFG7152C1912500DTFK.xml
AANAK091TEC7,0.0,126.0,12416.21,0.0067,127.428,12395.599609,1.4280157177006112,20.610390999998344,2026-04-05T08.24.52.8288722-LCTW01518-8374-DMT112-TTG624-DMTDUMMY.xml,2026-04-05T07.15.40.3638653-LCTW01518-8374-TFK658-TTG624-MFG7152C1912500DTFK.xml
AANAK091TEC7,0.0,-135.0,12375.07,0.0067,-134.7529999,12362.700195,0.24709095369926845,12.36980500000027,2026-04-05T08.24.52.8288722-LCTW01518-8374-DMT112-TTG624-DMTDUMMY.xml,2026-04-05T07.15.40.3638653-LCTW01518-8374-TFK658-TTG624-MFG7152C1912500DTFK.xml
AANAK091TEC7,-96.0,96.0,12379.02,-96.51,96.51,12363.200195,0.7212489168102857,15.819805000000997,2026-04-05T08.24.52.8288722-LCTW01518-8374-DMT112-TTG624-DMTDUMMY.xml,2026-04-05T07.15.40.3638653-LCTW01518-8374-TFK658-TTG624-MFG7152C1912500DTFK.xml
AANAK091TEC7,96.0,-96.0,12375.53,96.51,-96.51,12355.5,0.7212489168102857,20.030000000000655,2026-04-05T08.24.52.8288722-LCTW01518-8374-DMT112-TTG624-DMTDUMMY.xml,2026-04-05T07.15.40.3638653-LCTW01518-8374-TFK658-TTG624-MFG7152C1912500DTFK.xml
AANAK091TEC7,135.0,18.0,12372.84,136.2,19.3019,12349.0,1.7705771968485227,23.840000000000146,2026-04-05T08.24.52.8288722-LCTW01518-8374-DMT112-TTG624-DMTDUMMY.xml,2026-04-05T07.15.40.3638653-LCTW01518-8374-TFK658-TTG624-MFG7152C1912500DTFK.xml
AANAK091TEC7,72.0,126.0,12353.64,71.2039,127.428,12346.900391,1.6349187166339447,6.7396090000002005,2026-04-05T08.24.52.8288722-LCTW01518-8374-DMT112-TTG624-DMTDUMMY.xml,2026-04-05T07.15.40.3638653-LCTW01518-8374-TFK658-TTG624-MFG7152C1912500DTFK.xml
AANAK091TEC7,141.0,-36.0,12345.02,142.401,-36.4348,12385.099609,1.466919234313884,-40.079609000000346,2026-04-05T08.24.52.8288722-LCTW01518-8374-DMT112-TTG624-DMTDUMMY.xml,2026-04-05T07.15.40.3638653-LCTW01518-8374-TFK658-TTG624-MFG7152C1912500DTFK.xml
AANAK091TEC7,-135.0,-57.0,12555.39,-136.2,-57.9062,12547.299805,1.503728180224062,8.090194999998857,2026-04-05T08.24.52.8288722-LCTW01518-8374-DMT112-TTG624-DMTDUMMY.xml,2026-04-05T07.15.40.3638653-LCTW01518-8374-TFK658-TTG624-MFG7152C1912500DTFK.xml
AANAK091TEC7,-135.0,57.0,12561.22,-136.2,57.9062,12547.900391,1.503728180224062,13.319609000000128,2026-04-05T08.24.52.8288722-LCTW01518-8374-DMT112-TTG624-DMTDUMMY.xml,2026-04-05T07.15.40.3638653-LCTW01518-8374-TFK658-TTG624-MFG7152C1912500DTFK.xml
AANAK091TEC7,-57.0,-135.0,12540.32,-57.9062,-136.2,12533.5,1.503728180224062,6.819999999999709,2026-04-05T08.24.52.8288722-LCTW01518-8374-DMT112-TTG624-DMTDUMMY.xml,2026-04-05T07.15.40.3638653-LCTW01518-8374-TFK658-TTG624-MFG7152C1912500DTFK.xml
AANAK091TEC7,-57.0,135.0,12569.04,-57.9062,136.2,12545.0,1.503728180224062,24.040000000000873,2026-04-05T08.24.52.8288722-LCTW01518-8374-DMT112-TTG624-DMTDUMMY.xml,2026-04-05T07.15.40.3638653-LCTW01518-8374-TFK658-TTG624-MFG7152C1912500DTFK.xml
AANAK091TEC7,57.0,-135.0,12539.31,57.9062,-136.2,12529.700195,1.503728180224062,9.609805000000051,2026-04-05T08.24.52.8288722-LCTW01518-8374-DMT112-TTG624-DMTDUMMY.xml,2026-04-05T07.15.40.3638653-LCTW01518-8374-TFK658-TTG624-MFG7152C1912500DTFK.xml
AANAK056TEG1,0.0,0.0,12634.25,0.0067,-3.6622,12618.5,3.6622061288245367,15.75,2026-04-05T08.24.52.8288722-LCTW01518-8374-DMT112-TTG624-DMTDUMMY.xml,2026-04-05T07.15.40.3638653-LCTW01518-8374-TFK658-TTG624-MFG7152C1912500DTFK.xml
AANAK056TEG1,18.0,18.0,12610.96,19.3019,19.3019,12599.400391,1.8411646368535322,11.55960899999991,2026-04-05T08.24.52.8288722-LCTW01518-8374-DMT112-TTG624-DMTDUMMY.xml,2026-04-05T07.15.40.3638653-LCTW01518-8374-TFK658-TTG624-MFG7152C1912500DTFK.xml
AANAK056TEG1,18.0,-21.0,12611.73,19.3019,-19.3019,12601.400391,2.1397399888771536,10.329609000000346,2026-04-05T08.24.52.8288722-LCTW01518-8374-DMT112-TTG624-DMTDUMMY.xml,2026-04-05T07.15.40.3638653-LCTW01518-8374-TFK658-TTG624-MFG7152C1912500DTFK.xml
AANAK056TEG1,-48.0,-36.0,12564.93,-47.4578,-36.4348,12557.0,0.6950049496226653,7.930000000000291,2026-04-05T08.24.52.8288722-LCTW01518-8374-DMT112-TTG624-DMTDUMMY.xml,2026-04-05T07.15.40.3638653-LCTW01518-8374-TFK658-TTG624-MFG7152C1912500DTFK.xml
AANAK056TEG1,-57.0,18.0,12560.88,-57.9062,19.3019,12544.400391,1.5862351811758546,16.479608999999982,2026-04-05T08.24.52.8288722-LCTW01518-8374-DMT112-TTG624-DMTDUMMY.xml,2026-04-05T07.15.40.3638653-LCTW01518-8374-TFK658-TTG624-MFG7152C1912500DTFK.xml
AANAK056TEG1,-18.0,-57.0,12565.34,-19.3019,-57.9062,12551.0,1.5862351811758546,14.340000000000146,2026-04-05T08.24.52.8288722-LCTW01518-8374-DMT112-TTG624-DMTDUMMY.xml,2026-04-05T07.15.40.3638653-LCTW01518-8374-TFK658-TTG624-MFG7152C1912500DTFK.xml
AANAK056TEG1,-18.0,57.0,12562.51,-19.3019,57.9062,12549.5,1.5862351811758546,13.010000000000218,2026-04-05T08.24.52.8288722-LCTW01518-8374-DMT112-TTG624-DMTDUMMY.xml,2026-04-05T07.15.40.3638653-LCTW01518-8374-TFK658-TTG624-MFG7152C1912500DTFK.xml
AANAK056TEG1,72.0,-3.0,12522.9,71.2039,-3.6622,12512.299805,1.035511491969062,10.600194999999076,2026-04-05T08.24.52.8288722-LCTW01518-8374-DMT112-TTG624-DMTDUMMY.xml,2026-04-05T07.15.40.3638653-LCTW01518-8374-TFK658-TTG624-MFG7152C1912500DTFK.xml
AANAK056TEG1,57.0,57.0,12499.65,57.9062,57.9062,12488.0,1.2815603302224963,11.649999999999636,2026-04-05T08.24.52.8288722-LCTW01518-8374-DMT112-TTG624-DMTDUMMY.xml,2026-04-05T07.15.40.3638653-LCTW01518-8374-TFK658-TTG624-MFG7152C1912500DTFK.xml
AANAK056TEG1,-72.0,63.0,12461.16,-71.1902,61.8829,12451.200195,1.37974216794298,9.959805000000415,2026-04-05T08.24.52.8288722-LCTW01518-8374-DMT112-TTG624-DMTDUMMY.xml,2026-04-05T07.15.40.3638653-LCTW01518-8374-TFK658-TTG624-MFG7152C1912500DTFK.xml
AANAK056TEG1,18.0,-96.0,12457.76,19.3019,-96.51,12443.299805,1.398228740228152,14.460194999999658,2026-04-05T08.24.52.8288722-LCTW01518-8374-DMT112-TTG624-DMTDUMMY.xml,2026-04-05T07.15.40.3638653-LCTW01518-8374-TFK658-TTG624-MFG7152C1912500DTFK.xml
AANAK056TEG1,18.0,96.0,12458.56,19.3019,96.51,12441.400391,1.398228740228152,17.159609000000273,2026-04-05T08.24.52.8288722-LCTW01518-8374-DMT112-TTG624-DMTDUMMY.xml,2026-04-05T07.15.40.3638653-LCTW01518-8374-TFK658-TTG624-MFG7152C1912500DTFK.xml
AANAK056TEG1,96.0,18.0,12459.45,96.51,19.3019,12446.799805,1.398228740228152,12.650195000000167,2026-04-05T08.24.52.8288722-LCTW01518-8374-DMT112-TTG624-DMTDUMMY.xml,2026-04-05T07.15.40.3638653-LCTW01518-8374-TFK658-TTG624-MFG7152C1912500DTFK.xml
AANAK056TEG1,72.0,-69.0,12454.93,71.2039,-69.2075,12442.400391,0.8226976722952309,12.529609000001074,2026-04-05T08.24.52.8288722-LCTW01518-8374-DMT112-TTG624-DMTDUMMY.xml,2026-04-05T07.15.40.3638653-LCTW01518-8374-TFK658-TTG624-MFG7152C1912500DTFK.xml
AANAK056TEG1,-96.0,-57.0,12417.65,-96.51,-57.9062,12403.5,1.0398550091238692,14.149999999999636,2026-04-05T08.24.52.8288722-LCTW01518-8374-DMT112-TTG624-DMTDUMMY.xml,2026-04-05T07.15.40.3638653-LCTW01518-8374-TFK658-TTG624-MFG7152C1912500DTFK.xml
AANAK056TEG1,-57.0,-96.0,12420.32,-57.9062,-96.51,12403.299805,1.0398550091238692,17.02019499999915,2026-04-05T08.24.52.8288722-LCTW01518-8374-DMT112-TTG624-DMTDUMMY.xml,2026-04-05T07.15.40.3638653-LCTW01518-8374-TFK658-TTG624-MFG7152C1912500DTFK.xml
AANAK056TEG1,-57.0,96.0,12419.67,-57.9062,96.51,12404.099609,1.0398550091238692,15.57039099999929,2026-04-05T08.24.52.8288722-LCTW01518-8374-DMT112-TTG624-DMTDUMMY.xml,2026-04-05T07.15.40.3638653-LCTW01518-8374-TFK658-TTG624-MFG7152C1912500DTFK.xml
AANAK056TEG1,96.0,63.0,12415.09,94.9361,61.8829,12404.400391,1.5426586206935122,10.689609000000928,2026-04-05T08.24.52.8288722-LCTW01518-8374-DMT112-TTG624-DMTDUMMY.xml,2026-04-05T07.15.40.3638653-LCTW01518-8374-TFK658-TTG624-MFG7152C1912500DTFK.xml
AANAK056TEG1,-120.0,-3.0,12386.87,-118.655,-3.6622,12378.200195,1.4991777212859043,8.669805000001361,2026-04-05T08.24.52.8288722-LCTW01518-8374-DMT112-TTG624-DMTDUMMY.xml,2026-04-05T07.15.40.3638653-LCTW01518-8374-TFK658-TTG624-MFG7152C1912500DTFK.xml
AANAK056TEG1,0.0,126.0,12377.03,0.0067,127.428,12357.700195,1.4280157177006112,19.329805000001215,2026-04-05T08.24.52.8288722-LCTW01518-8374-DMT112-TTG624-DMTDUMMY.xml,2026-04-05T07.15.40.3638653-LCTW01518-8374-TFK658-TTG624-MFG7152C1912500DTFK.xml
AANAK056TEG1,0.0,-135.0,12349.54,0.0067,-134.7529999,12335.099609,0.24709095369926845,14.44039100000009,2026-04-05T08.24.52.8288722-LCTW01518-8374-DMT112-TTG624-DMTDUMMY.xml,2026-04-05T07.15.40.3638653-LCTW01518-8374-TFK658-TTG624-MFG7152C1912500DTFK.xml
AANAK056TEG1,-96.0,96.0,12339.35,-96.51,96.51,12325.299805,0.7212489168102857,14.050194999999803,2026-04-05T08.24.52.8288722-LCTW01518-8374-DMT112-TTG624-DMTDUMMY.xml,2026-04-05T07.15.40.3638653-LCTW01518-8374-TFK658-TTG624-MFG7152C1912500DTFK.xml
AANAK056TEG1,96.0,-96.0,12352.47,96.51,-96.51,12333.200195,0.7212489168102857,19.269804999999906,2026-04-05T08.24.52.8288722-LCTW01518-8374-DMT112-TTG624-DMTDUMMY.xml,2026-04-05T07.15.40.3638653-LCTW01518-8374-TFK658-TTG624-MFG7152C1912500DTFK.xml
AANAK056TEG1,135.0,18.0,12342.24,136.2,19.3019,12319.5,1.7705771968485227,22.73999999999978,2026-04-05T08.24.52.8288722-LCTW01518-8374-DMT112-TTG624-DMTDUMMY.xml,2026-04-05T07.15.40.3638653-LCTW01518-8374-TFK658-TTG624-MFG7152C1912500DTFK.xml
AANAK056TEG1,72.0,126.0,12330.86,71.2039,127.428,12321.799805,1.6349187166339447,9.060195000000022,2026-04-05T08.24.52.8288722-LCTW01518-8374-DMT112-TTG624-DMTDUMMY.xml,2026-04-05T07.15.40.3638653-LCTW01518-8374-TFK658-TTG624-MFG7152C1912500DTFK.xml
AANAK056TEG1,141.0,-36.0,12327.68,142.401,-36.4348,12378.400391,1.466919234313884,-50.720390999998926,2026-04-05T08.24.52.8288722-LCTW01518-8374-DMT112-TTG624-DMTDUMMY.xml,2026-04-05T07.15.40.3638653-LCTW01518-8374-TFK658-TTG624-MFG7152C1912500DTFK.xml
AANAK056TEG1,-135.0,-57.0,12533.71,-136.2,-57.9062,12520.799805,1.503728180224062,12.910194999998566,2026-04-05T08.24.52.8288722-LCTW01518-8374-DMT112-TTG624-DMTDUMMY.xml,2026-04-05T07.15.40.3638653-LCTW01518-8374-TFK658-TTG624-MFG7152C1912500DTFK.xml
AANAK056TEG1,-135.0,57.0,12547.06,-136.2,57.9062,12519.5,1.503728180224062,27.55999999999949,2026-04-05T08.24.52.8288722-LCTW01518-8374-DMT112-TTG624-DMTDUMMY.xml,2026-04-05T07.15.40.3638653-LCTW01518-8374-TFK658-TTG624-MFG7152C1912500DTFK.xml
AANAK056TEG1,-57.0,-135.0,12525.03,-57.9062,-136.2,12529.599609,1.503728180224062,-4.569609000000128,2026-04-05T08.24.52.8288722-LCTW01518-8374-DMT112-TTG624-DMTDUMMY.xml,2026-04-05T07.15.40.3638653-LCTW01518-8374-TFK658-TTG624-MFG7152C1912500DTFK.xml
AANAK056TEG1,-57.0,135.0,12561.53,-57.9062,136.2,12525.799805,1.503728180224062,35.730195000000094,2026-04-05T08.24.52.8288722-LCTW01518-8374-DMT112-TTG624-DMTDUMMY.xml,2026-04-05T07.15.40.3638653-LCTW01518-8374-TFK658-TTG624-MFG7152C1912500DTFK.xml
AANAK056TEG1,57.0,-135.0,12533.16,57.9062,-136.2,12542.200195,1.503728180224062,-9.040194999999585,2026-04-05T08.24.52.8288722-LCTW01518-8374-DMT112-TTG624-DMTDUMMY.xml,2026-04-05T07.15.40.3638653-LCTW01518-8374-TFK658-TTG624-MFG7152C1912500DTFK.xml
AANAK030TEB1,0.0,0.0,12624.44,0.0067,-3.6622,12612.400391,3.6622061288245367,12.039609000001292,2026-04-06T05.51.16.9901816-LCTW01518-8374-DMT112-TTG624-DMTDUMMY.xml,2026-04-05T19.36.45.0766439-LCTW01518-8374-TFK554-TTG624-MFG7152C1912500DTFK.xml
AANAK030TEB1,18.0,18.0,12606.54,19.3019,19.3019,12595.599609,1.8411646368535322,10.94039100000009,2026-04-06T05.51.16.9901816-LCTW01518-8374-DMT112-TTG624-DMTDUMMY.xml,2026-04-05T19.36.45.0766439-LCTW01518-8374-TFK554-TTG624-MFG7152C1912500DTFK.xml
AANAK030TEB1,18.0,-21.0,12608.83,19.3019,-19.3019,12598.299805,2.1397399888771536,10.530194999999367,2026-04-06T05.51.16.9901816-LCTW01518-8374-DMT112-TTG624-DMTDUMMY.xml,2026-04-05T19.36.45.0766439-LCTW01518-8374-TFK554-TTG624-MFG7152C1912500DTFK.xml
AANAK030TEB1,-48.0,-36.0,12563.6,-47.4578,-36.4348,12552.5,0.6950049496226653,11.100000000000364,2026-04-06T05.51.16.9901816-LCTW01518-8374-DMT112-TTG624-DMTDUMMY.xml,2026-04-05T19.36.45.0766439-LCTW01518-8374-TFK554-TTG624-MFG7152C1912500DTFK.xml
AANAK030TEB1,-57.0,18.0,12560.24,-57.9062,19.3019,12545.5,1.5862351811758546,14.739999999999782,2026-04-06T05.51.16.9901816-LCTW01518-8374-DMT112-TTG624-DMTDUMMY.xml,2026-04-05T19.36.45.0766439-LCTW01518-8374-TFK554-TTG624-MFG7152C1912500DTFK.xml
AANAK030TEB1,-18.0,-57.0,12564.44,-19.3019,-57.9062,12547.0,1.5862351811758546,17.44000000000051,2026-04-06T05.51.16.9901816-LCTW01518-8374-DMT112-TTG624-DMTDUMMY.xml,2026-04-05T19.36.45.0766439-LCTW01518-8374-TFK554-TTG624-MFG7152C1912500DTFK.xml
AANAK030TEB1,-18.0,57.0,12557.78,-19.3019,57.9062,12545.599609,1.5862351811758546,12.180390999999872,2026-04-06T05.51.16.9901816-LCTW01518-8374-DMT112-TTG624-DMTDUMMY.xml,2026-04-05T19.36.45.0766439-LCTW01518-8374-TFK554-TTG624-MFG7152C1912500DTFK.xml
AANAK030TEB1,72.0,-3.0,12520.56,71.2039,-3.6622,12511.400391,1.035511491969062,9.159609000000273,2026-04-06T05.51.16.9901816-LCTW01518-8374-DMT112-TTG624-DMTDUMMY.xml,2026-04-05T19.36.45.0766439-LCTW01518-8374-TFK554-TTG624-MFG7152C1912500DTFK.xml
AANAK030TEB1,57.0,57.0,12495.99,57.9062,57.9062,12482.900391,1.2815603302224963,13.089609000000564,2026-04-06T05.51.16.9901816-LCTW01518-8374-DMT112-TTG624-DMTDUMMY.xml,2026-04-05T19.36.45.0766439-LCTW01518-8374-TFK554-TTG624-MFG7152C1912500DTFK.xml
AANAK030TEB1,-72.0,63.0,12458.55,-71.1902,61.8829,12448.200195,1.37974216794298,10.349804999999833,2026-04-06T05.51.16.9901816-LCTW01518-8374-DMT112-TTG624-DMTDUMMY.xml,2026-04-05T19.36.45.0766439-LCTW01518-8374-TFK554-TTG624-MFG7152C1912500DTFK.xml
AANAK030TEB1,18.0,-96.0,12457.8,19.3019,-96.51,12441.700195,1.398228740228152,16.099804999999833,2026-04-06T05.51.16.9901816-LCTW01518-8374-DMT112-TTG624-DMTDUMMY.xml,2026-04-05T19.36.45.0766439-LCTW01518-8374-TFK554-TTG624-MFG7152C1912500DTFK.xml
AANAK030TEB1,18.0,96.0,12456.77,19.3019,96.51,12442.700195,1.398228740228152,14.069805000000997,2026-04-06T05.51.16.9901816-LCTW01518-8374-DMT112-TTG624-DMTDUMMY.xml,2026-04-05T19.36.45.0766439-LCTW01518-8374-TFK554-TTG624-MFG7152C1912500DTFK.xml
AANAK030TEB1,96.0,18.0,12455.82,96.51,19.3019,12438.599609,1.398228740228152,17.220390999998926,2026-04-06T05.51.16.9901816-LCTW01518-8374-DMT112-TTG624-DMTDUMMY.xml,2026-04-05T19.36.45.0766439-LCTW01518-8374-TFK554-TTG624-MFG7152C1912500DTFK.xml
AANAK030TEB1,72.0,-69.0,12457.19,71.2039,-69.2075,12443.5,0.8226976722952309,13.69000000000051,2026-04-06T05.51.16.9901816-LCTW01518-8374-DMT112-TTG624-DMTDUMMY.xml,2026-04-05T19.36.45.0766439-LCTW01518-8374-TFK554-TTG624-MFG7152C1912500DTFK.xml
AANAK030TEB1,-96.0,-57.0,12419.47,-96.51,-57.9062,12402.599609,1.0398550091238692,16.870390999998563,2026-04-06T05.51.16.9901816-LCTW01518-8374-DMT112-TTG624-DMTDUMMY.xml,2026-04-05T19.36.45.0766439-LCTW01518-8374-TFK554-TTG624-MFG7152C1912500DTFK.xml
AANAK030TEB1,-57.0,-96.0,12419.48,-57.9062,-96.51,12402.200195,1.0398550091238692,17.279805000000124,2026-04-06T05.51.16.9901816-LCTW01518-8374-DMT112-TTG624-DMTDUMMY.xml,2026-04-05T19.36.45.0766439-LCTW01518-8374-TFK554-TTG624-MFG7152C1912500DTFK.xml
AANAK030TEB1,-57.0,96.0,12415.47,-57.9062,96.51,12401.299805,1.0398550091238692,14.170194999998785,2026-04-06T05.51.16.9901816-LCTW01518-8374-DMT112-TTG624-DMTDUMMY.xml,2026-04-05T19.36.45.0766439-LCTW01518-8374-TFK554-TTG624-MFG7152C1912500DTFK.xml
AANAK030TEB1,96.0,63.0,12407.5,94.9361,61.8829,12400.700195,1.5426586206935122,6.7998050000005605,2026-04-06T05.51.16.9901816-LCTW01518-8374-DMT112-TTG624-DMTDUMMY.xml,2026-04-05T19.36.45.0766439-LCTW01518-8374-TFK554-TTG624-MFG7152C1912500DTFK.xml
AANAK030TEB1,-120.0,-3.0,12387.87,-118.655,-3.6622,12378.299805,1.4991777212859043,9.57019500000024,2026-04-06T05.51.16.9901816-LCTW01518-8374-DMT112-TTG624-DMTDUMMY.xml,2026-04-05T19.36.45.0766439-LCTW01518-8374-TFK554-TTG624-MFG7152C1912500DTFK.xml
AANAK030TEB1,0.0,126.0,12377.15,0.0067,127.428,12356.099609,1.4280157177006112,21.050390999998854,2026-04-06T05.51.16.9901816-LCTW01518-8374-DMT112-TTG624-DMTDUMMY.xml,2026-04-05T19.36.45.0766439-LCTW01518-8374-TFK554-TTG624-MFG7152C1912500DTFK.xml
AANAK030TEB1,0.0,-135.0,12346.91,0.0067,-134.7529999,12333.0,0.24709095369926845,13.909999999999854,2026-04-06T05.51.16.9901816-LCTW01518-8374-DMT112-TTG624-DMTDUMMY.xml,2026-04-05T19.36.45.0766439-LCTW01518-8374-TFK554-TTG624-MFG7152C1912500DTFK.xml
AANAK030TEB1,-96.0,96.0,12336.69,-96.51,96.51,12324.200195,0.7212489168102857,12.48980500000107,2026-04-06T05.51.16.9901816-LCTW01518-8374-DMT112-TTG624-DMTDUMMY.xml,2026-04-05T19.36.45.0766439-LCTW01518-8374-TFK554-TTG624-MFG7152C1912500DTFK.xml
AANAK030TEB1,96.0,-96.0,12346.06,96.51,-96.51,12330.599609,0.7212489168102857,15.460390999998708,2026-04-06T05.51.16.9901816-LCTW01518-8374-DMT112-TTG624-DMTDUMMY.xml,2026-04-05T19.36.45.0766439-LCTW01518-8374-TFK554-TTG624-MFG7152C1912500DTFK.xml
AANAK030TEB1,135.0,18.0,12336.43,136.2,19.3019,12314.799805,1.7705771968485227,21.63019499999973,2026-04-06T05.51.16.9901816-LCTW01518-8374-DMT112-TTG624-DMTDUMMY.xml,2026-04-05T19.36.45.0766439-LCTW01518-8374-TFK554-TTG624-MFG7152C1912500DTFK.xml
AANAK030TEB1,72.0,126.0,12320.14,71.2039,127.428,12311.099609,1.6349187166339447,9.040390999998635,2026-04-06T05.51.16.9901816-LCTW01518-8374-DMT112-TTG624-DMTDUMMY.xml,2026-04-05T19.36.45.0766439-LCTW01518-8374-TFK554-TTG624-MFG7152C1912500DTFK.xml
AANAK030TEB1,141.0,-36.0,12317.88,142.401,-36.4348,12358.799805,1.466919234313884,-40.91980500000136,2026-04-06T05.51.16.9901816-LCTW01518-8374-DMT112-TTG624-DMTDUMMY.xml,2026-04-05T19.36.45.0766439-LCTW01518-8374-TFK554-TTG624-MFG7152C1912500DTFK.xml
AANAK030TEB1,-135.0,-57.0,12538.8,-136.2,-57.9062,12535.200195,1.503728180224062,3.599804999999833,2026-04-06T05.51.16.9901816-LCTW01518-8374-DMT112-TTG624-DMTDUMMY.xml,2026-04-05T19.36.45.0766439-LCTW01518-8374-TFK554-TTG624-MFG7152C1912500DTFK.xml
AANAK030TEB1,-135.0,57.0,12552.96,-136.2,57.9062,12535.599609,1.503728180224062,17.360390999998344,2026-04-06T05.51.16.9901816-LCTW01518-8374-DMT112-TTG624-DMTDUMMY.xml,2026-04-05T19.36.45.0766439-LCTW01518-8374-TFK554-TTG624-MFG7152C1912500DTFK.xml
AANAK030TEB1,-57.0,-135.0,12530.38,-57.9062,-136.2,12537.400391,1.503728180224062,-7.020391000000018,2026-04-06T05.51.16.9901816-LCTW01518-8374-DMT112-TTG624-DMTDUMMY.xml,2026-04-05T19.36.45.0766439-LCTW01518-8374-TFK554-TTG624-MFG7152C1912500DTFK.xml
AANAK030TEB1,-57.0,135.0,12560.12,-57.9062,136.2,12527.0,1.503728180224062,33.1200000000008,2026-04-06T05.51.16.9901816-LCTW01518-8374-DMT112-TTG624-DMTDUMMY.xml,2026-04-05T19.36.45.0766439-LCTW01518-8374-TFK554-TTG624-MFG7152C1912500DTFK.xml
AANAK030TEB1,57.0,-135.0,12527.53,57.9062,-136.2,12536.5,1.503728180224062,-8.969999999999345,2026-04-06T05.51.16.9901816-LCTW01518-8374-DMT112-TTG624-DMTDUMMY.xml,2026-04-05T19.36.45.0766439-LCTW01518-8374-TFK554-TTG624-MFG7152C1912500DTFK.xml
AANAK067TEA1,0.0,0.0,12664.49,0.0067,-3.6622,12652.799805,3.6622061288245367,11.690194999999221,2026-04-05T08.24.52.8288722-LCTW01518-8374-DMT112-TTG624-DMTDUMMY.xml,2026-04-05T07.15.40.3638653-LCTW01518-8374-TFK658-TTG624-MFG7152C1912500DTFK.xml
AANAK067TEA1,18.0,18.0,12647.21,19.3019,19.3019,12633.599609,1.8411646368535322,13.610390999998344,2026-04-05T08.24.52.8288722-LCTW01518-8374-DMT112-TTG624-DMTDUMMY.xml,2026-04-05T07.15.40.3638653-LCTW01518-8374-TFK658-TTG624-MFG7152C1912500DTFK.xml
AANAK067TEA1,18.0,-21.0,12647.93,19.3019,-19.3019,12635.0,2.1397399888771536,12.930000000000291,2026-04-05T08.24.52.8288722-LCTW01518-8374-DMT112-TTG624-DMTDUMMY.xml,2026-04-05T07.15.40.3638653-LCTW01518-8374-TFK658-TTG624-MFG7152C1912500DTFK.xml
AANAK067TEA1,-48.0,-36.0,12604.88,-47.4578,-36.4348,12592.900391,0.6950049496226653,11.979608999999982,2026-04-05T08.24.52.8288722-LCTW01518-8374-DMT112-TTG624-DMTDUMMY.xml,2026-04-05T07.15.40.3638653-LCTW01518-8374-TFK658-TTG624-MFG7152C1912500DTFK.xml
AANAK067TEA1,-57.0,18.0,12601.44,-57.9062,19.3019,12587.5,1.5862351811758546,13.94000000000051,2026-04-05T08.24.52.8288722-LCTW01518-8374-DMT112-TTG624-DMTDUMMY.xml,2026-04-05T07.15.40.3638653-LCTW01518-8374-TFK658-TTG624-MFG7152C1912500DTFK.xml
AANAK067TEA1,-18.0,-57.0,12599.8,-19.3019,-57.9062,12583.700195,1.5862351811758546,16.099804999999833,2026-04-05T08.24.52.8288722-LCTW01518-8374-DMT112-TTG624-DMTDUMMY.xml,2026-04-05T07.15.40.3638653-LCTW01518-8374-TFK658-TTG624-MFG7152C1912500DTFK.xml
AANAK067TEA1,-18.0,57.0,12599.33,-19.3019,57.9062,12586.200195,1.5862351811758546,13.129805000000488,2026-04-05T08.24.52.8288722-LCTW01518-8374-DMT112-TTG624-DMTDUMMY.xml,2026-04-05T07.15.40.3638653-LCTW01518-8374-TFK658-TTG624-MFG7152C1912500DTFK.xml
AANAK067TEA1,72.0,-3.0,12558.83,71.2039,-3.6622,12549.400391,1.035511491969062,9.42960900000071,2026-04-05T08.24.52.8288722-LCTW01518-8374-DMT112-TTG624-DMTDUMMY.xml,2026-04-05T07.15.40.3638653-LCTW01518-8374-TFK658-TTG624-MFG7152C1912500DTFK.xml
AANAK067TEA1,57.0,57.0,12537.2,57.9062,57.9062,12521.200195,1.2815603302224963,15.999805000001288,2026-04-05T08.24.52.8288722-LCTW01518-8374-DMT112-TTG624-DMTDUMMY.xml,2026-04-05T07.15.40.3638653-LCTW01518-8374-TFK658-TTG624-MFG7152C1912500DTFK.xml
AANAK067TEA1,-72.0,63.0,12499.36,-71.1902,61.8829,12490.700195,1.37974216794298,8.659805000001143,2026-04-05T08.24.52.8288722-LCTW01518-8374-DMT112-TTG624-DMTDUMMY.xml,2026-04-05T07.15.40.3638653-LCTW01518-8374-TFK658-TTG624-MFG7152C1912500DTFK.xml
AANAK067TEA1,18.0,-96.0,12497.51,19.3019,-96.51,12485.200195,1.398228740228152,12.309805000000779,2026-04-05T08.24.52.8288722-LCTW01518-8374-DMT112-TTG624-DMTDUMMY.xml,2026-04-05T07.15.40.3638653-LCTW01518-8374-TFK658-TTG624-MFG7152C1912500DTFK.xml
AANAK067TEA1,18.0,96.0,12498.56,19.3019,96.51,12486.299805,1.398228740228152,12.26019499999893,2026-04-05T08.24.52.8288722-LCTW01518-8374-DMT112-TTG624-DMTDUMMY.xml,2026-04-05T07.15.40.3638653-LCTW01518-8374-TFK658-TTG624-MFG7152C1912500DTFK.xml
AANAK067TEA1,96.0,18.0,12499.19,96.51,19.3019,12484.5,1.398228740228152,14.69000000000051,2026-04-05T08.24.52.8288722-LCTW01518-8374-DMT112-TTG624-DMTDUMMY.xml,2026-04-05T07.15.40.3638653-LCTW01518-8374-TFK658-TTG624-MFG7152C1912500DTFK.xml
AANAK067TEA1,72.0,-69.0,12492.16,71.2039,-69.2075,12479.5,0.8226976722952309,12.659999999999854,2026-04-05T08.24.52.8288722-LCTW01518-8374-DMT112-TTG624-DMTDUMMY.xml,2026-04-05T07.15.40.3638653-LCTW01518-8374-TFK658-TTG624-MFG7152C1912500DTFK.xml
AANAK067TEA1,-96.0,-57.0,12460.32,-96.51,-57.9062,12444.200195,1.0398550091238692,16.11980500000027,2026-04-05T08.24.52.8288722-LCTW01518-8374-DMT112-TTG624-DMTDUMMY.xml,2026-04-05T07.15.40.3638653-LCTW01518-8374-TFK658-TTG624-MFG7152C1912500DTFK.xml
AANAK067TEA1,-57.0,-96.0,12455.71,-57.9062,-96.51,12440.200195,1.0398550091238692,15.509804999999687,2026-04-05T08.24.52.8288722-LCTW01518-8374-DMT112-TTG624-DMTDUMMY.xml,2026-04-05T07.15.40.3638653-LCTW01518-8374-TFK658-TTG624-MFG7152C1912500DTFK.xml
AANAK067TEA1,-57.0,96.0,12462.99,-57.9062,96.51,12449.400391,1.0398550091238692,13.589609000000564,2026-04-05T08.24.52.8288722-LCTW01518-8374-DMT112-TTG624-DMTDUMMY.xml,2026-04-05T07.15.40.3638653-LCTW01518-8374-TFK658-TTG624-MFG7152C1912500DTFK.xml
AANAK067TEA1,96.0,63.0,12456.39,94.9361,61.8829,12443.200195,1.5426586206935122,13.189804999999978,2026-04-05T08.24.52.8288722-LCTW01518-8374-DMT112-TTG624-DMTDUMMY.xml,2026-04-05T07.15.40.3638653-LCTW01518-8374-TFK658-TTG624-MFG7152C1912500DTFK.xml
AANAK067TEA1,-120.0,-3.0,12434.6,-118.655,-3.6622,12426.099609,1.4991777212859043,8.500390999999581,2026-04-05T08.24.52.8288722-LCTW01518-8374-DMT112-TTG624-DMTDUMMY.xml,2026-04-05T07.15.40.3638653-LCTW01518-8374-TFK658-TTG624-MFG7152C1912500DTFK.xml
AANAK067TEA1,0.0,126.0,12422.03,0.0067,127.428,12401.5,1.4280157177006112,20.530000000000655,2026-04-05T08.24.52.8288722-LCTW01518-8374-DMT112-TTG624-DMTDUMMY.xml,2026-04-05T07.15.40.3638653-LCTW01518-8374-TFK658-TTG624-MFG7152C1912500DTFK.xml
AANAK067TEA1,0.0,-135.0,12379.79,0.0067,-134.7529999,12364.099609,0.24709095369926845,15.69039100000009,2026-04-05T08.24.52.8288722-LCTW01518-8374-DMT112-TTG624-DMTDUMMY.xml,2026-04-05T07.15.40.3638653-LCTW01518-8374-TFK658-TTG624-MFG7152C1912500DTFK.xml
AANAK067TEA1,-96.0,96.0,12388.9,-96.51,96.51,12375.0,0.7212489168102857,13.899999999999636,2026-04-05T08.24.52.8288722-LCTW01518-8374-DMT112-TTG624-DMTDUMMY.xml,2026-04-05T07.15.40.3638653-LCTW01518-8374-TFK658-TTG624-MFG7152C1912500DTFK.xml
AANAK067TEA1,96.0,-96.0,12385.8,96.51,-96.51,12362.900391,0.7212489168102857,22.899609000000055,2026-04-05T08.24.52.8288722-LCTW01518-8374-DMT112-TTG624-DMTDUMMY.xml,2026-04-05T07.15.40.3638653-LCTW01518-8374-TFK658-TTG624-MFG7152C1912500DTFK.xml
AANAK067TEA1,135.0,18.0,12380.81,136.2,19.3019,12357.5,1.7705771968485227,23.30999999999949,2026-04-05T08.24.52.8288722-LCTW01518-8374-DMT112-TTG624-DMTDUMMY.xml,2026-04-05T07.15.40.3638653-LCTW01518-8374-TFK658-TTG624-MFG7152C1912500DTFK.xml
AANAK067TEA1,72.0,126.0,12355.32,71.2039,127.428,12351.5,1.6349187166339447,3.819999999999709,2026-04-05T08.24.52.8288722-LCTW01518-8374-DMT112-TTG624-DMTDUMMY.xml,2026-04-05T07.15.40.3638653-LCTW01518-8374-TFK658-TTG624-MFG7152C1912500DTFK.xml
AANAK067TEA1,141.0,-36.0,12350.42,142.401,-36.4348,12389.5,1.466919234313884,-39.07999999999993,2026-04-05T08.24.52.8288722-LCTW01518-8374-DMT112-TTG624-DMTDUMMY.xml,2026-04-05T07.15.40.3638653-LCTW01518-8374-TFK658-TTG624-MFG7152C1912500DTFK.xml
AANAK067TEA1,-135.0,-57.0,12561.06,-136.2,-57.9062,12553.0,1.503728180224062,8.05999999999949,2026-04-05T08.24.52.8288722-LCTW01518-8374-DMT112-TTG624-DMTDUMMY.xml,2026-04-05T07.15.40.3638653-LCTW01518-8374-TFK658-TTG624-MFG7152C1912500DTFK.xml
AANAK067TEA1,-135.0,57.0,12577.64,-136.2,57.9062,12555.799805,1.503728180224062,21.840194999998857,2026-04-05T08.24.52.8288722-LCTW01518-8374-DMT112-TTG624-DMTDUMMY.xml,2026-04-05T07.15.40.3638653-LCTW01518-8374-TFK658-TTG624-MFG7152C1912500DTFK.xml
AANAK067TEA1,-57.0,-135.0,12538.98,-57.9062,-136.2,12537.400391,1.503728180224062,1.579609000000346,2026-04-05T08.24.52.8288722-LCTW01518-8374-DMT112-TTG624-DMTDUMMY.xml,2026-04-05T07.15.40.3638653-LCTW01518-8374-TFK658-TTG624-MFG7152C1912500DTFK.xml
AANAK067TEA1,-57.0,135.0,12593.56,-57.9062,136.2,12557.099609,1.503728180224062,36.46039099999871,2026-04-05T08.24.52.8288722-LCTW01518-8374-DMT112-TTG624-DMTDUMMY.xml,2026-04-05T07.15.40.3638653-LCTW01518-8374-TFK658-TTG624-MFG7152C1912500DTFK.xml
AANAK067TEA1,57.0,-135.0,12538.06,57.9062,-136.2,12543.700195,1.503728180224062,-5.640194999999949,2026-04-05T08.24.52.8288722-LCTW01518-8374-DMT112-TTG624-DMTDUMMY.xml,2026-04-05T07.15.40.3638653-LCTW01518-8374-TFK658-TTG624-MFG7152C1912500DTFK.xml
AANAK061TEE1,0.0,0.0,12645.43,0.0067,-3.6622,12630.200195,3.6622061288245367,15.229805000000852,2026-04-05T08.24.52.8288722-LCTW01518-8374-DMT112-TTG624-DMTDUMMY.xml,2026-04-05T07.15.40.3638653-LCTW01518-8374-TFK658-TTG624-MFG7152C1912500DTFK.xml
AANAK061TEE1,18.0,18.0,12616.23,19.3019,19.3019,12602.099609,1.8411646368535322,14.130390999998781,2026-04-05T08.24.52.8288722-LCTW01518-8374-DMT112-TTG624-DMTDUMMY.xml,2026-04-05T07.15.40.3638653-LCTW01518-8374-TFK658-TTG624-MFG7152C1912500DTFK.xml
AANAK061TEE1,18.0,-21.0,12611.78,19.3019,-19.3019,12597.099609,2.1397399888771536,14.680390999999872,2026-04-05T08.24.52.8288722-LCTW01518-8374-DMT112-TTG624-DMTDUMMY.xml,2026-04-05T07.15.40.3638653-LCTW01518-8374-TFK658-TTG624-MFG7152C1912500DTFK.xml
AANAK061TEE1,-48.0,-36.0,12561.58,-47.4578,-36.4348,12553.400391,0.6950049496226653,8.17960900000071,2026-04-05T08.24.52.8288722-LCTW01518-8374-DMT112-TTG624-DMTDUMMY.xml,2026-04-05T07.15.40.3638653-LCTW01518-8374-TFK658-TTG624-MFG7152C1912500DTFK.xml
AANAK061TEE1,-57.0,18.0,12556.5,-57.9062,19.3019,12544.400391,1.5862351811758546,12.099609000000783,2026-04-05T08.24.52.8288722-LCTW01518-8374-DMT112-TTG624-DMTDUMMY.xml,2026-04-05T07.15.40.3638653-LCTW01518-8374-TFK658-TTG624-MFG7152C1912500DTFK.xml
AANAK061TEE1,-18.0,-57.0,12554.84,-19.3019,-57.9062,12541.5,1.5862351811758546,13.340000000000146,2026-04-05T08.24.52.8288722-LCTW01518-8374-DMT112-TTG624-DMTDUMMY.xml,2026-04-05T07.15.40.3638653-LCTW01518-8374-TFK658-TTG624-MFG7152C1912500DTFK.xml
AANAK061TEE1,-18.0,57.0,12560.99,-19.3019,57.9062,12545.299805,1.5862351811758546,15.690194999999221,2026-04-05T08.24.52.8288722-LCTW01518-8374-DMT112-TTG624-DMTDUMMY.xml,2026-04-05T07.15.40.3638653-LCTW01518-8374-TFK658-TTG624-MFG7152C1912500DTFK.xml
AANAK061TEE1,72.0,-3.0,12518.21,71.2039,-3.6622,12508.900391,1.035511491969062,9.30960899999991,2026-04-05T08.24.52.8288722-LCTW01518-8374-DMT112-TTG624-DMTDUMMY.xml,2026-04-05T07.15.40.3638653-LCTW01518-8374-TFK658-TTG624-MFG7152C1912500DTFK.xml
AANAK061TEE1,57.0,57.0,12497.67,57.9062,57.9062,12484.599609,1.2815603302224963,13.07039099999929,2026-04-05T08.24.52.8288722-LCTW01518-8374-DMT112-TTG624-DMTDUMMY.xml,2026-04-05T07.15.40.3638653-LCTW01518-8374-TFK658-TTG624-MFG7152C1912500DTFK.xml
AANAK061TEE1,-72.0,63.0,12455.58,-71.1902,61.8829,12448.799805,1.37974216794298,6.780194999999367,2026-04-05T08.24.52.8288722-LCTW01518-8374-DMT112-TTG624-DMTDUMMY.xml,2026-04-05T07.15.40.3638653-LCTW01518-8374-TFK658-TTG624-MFG7152C1912500DTFK.xml
AANAK061TEE1,18.0,-96.0,12460.08,19.3019,-96.51,12443.400391,1.398228740228152,16.67960900000071,2026-04-05T08.24.52.8288722-LCTW01518-8374-DMT112-TTG624-DMTDUMMY.xml,2026-04-05T07.15.40.3638653-LCTW01518-8374-TFK658-TTG624-MFG7152C1912500DTFK.xml
AANAK061TEE1,18.0,96.0,12457.57,19.3019,96.51,12444.900391,1.398228740228152,12.669609000000492,2026-04-05T08.24.52.8288722-LCTW01518-8374-DMT112-TTG624-DMTDUMMY.xml,2026-04-05T07.15.40.3638653-LCTW01518-8374-TFK658-TTG624-MFG7152C1912500DTFK.xml
AANAK061TEE1,96.0,18.0,12456.88,96.51,19.3019,12441.599609,1.398228740228152,15.280390999998417,2026-04-05T08.24.52.8288722-LCTW01518-8374-DMT112-TTG624-DMTDUMMY.xml,2026-04-05T07.15.40.3638653-LCTW01518-8374-TFK658-TTG624-MFG7152C1912500DTFK.xml
AANAK061TEE1,72.0,-69.0,12453.85,71.2039,-69.2075,12439.099609,0.8226976722952309,14.750390999999581,2026-04-05T08.24.52.8288722-LCTW01518-8374-DMT112-TTG624-DMTDUMMY.xml,2026-04-05T07.15.40.3638653-LCTW01518-8374-TFK658-TTG624-MFG7152C1912500DTFK.xml
AANAK061TEE1,-96.0,-57.0,12419.42,-96.51,-57.9062,12403.099609,1.0398550091238692,16.32039099999929,2026-04-05T08.24.52.8288722-LCTW01518-8374-DMT112-TTG624-DMTDUMMY.xml,2026-04-05T07.15.40.3638653-LCTW01518-8374-TFK658-TTG624-MFG7152C1912500DTFK.xml
AANAK061TEE1,-57.0,-96.0,12420.33,-57.9062,-96.51,12402.900391,1.0398550091238692,17.42960900000071,2026-04-05T08.24.52.8288722-LCTW01518-8374-DMT112-TTG624-DMTDUMMY.xml,2026-04-05T07.15.40.3638653-LCTW01518-8374-TFK658-TTG624-MFG7152C1912500DTFK.xml
AANAK061TEE1,-57.0,96.0,12420.14,-57.9062,96.51,12402.299805,1.0398550091238692,17.840194999998857,2026-04-05T08.24.52.8288722-LCTW01518-8374-DMT112-TTG624-DMTDUMMY.xml,2026-04-05T07.15.40.3638653-LCTW01518-8374-TFK658-TTG624-MFG7152C1912500DTFK.xml
AANAK061TEE1,96.0,63.0,12411.42,94.9361,61.8829,12397.799805,1.5426586206935122,13.620194999999512,2026-04-05T08.24.52.8288722-LCTW01518-8374-DMT112-TTG624-DMTDUMMY.xml,2026-04-05T07.15.40.3638653-LCTW01518-8374-TFK658-TTG624-MFG7152C1912500DTFK.xml
AANAK061TEE1,-120.0,-3.0,12388.84,-118.655,-3.6622,12377.599609,1.4991777212859043,11.240390999999363,2026-04-05T08.24.52.8288722-LCTW01518-8374-DMT112-TTG624-DMTDUMMY.xml,2026-04-05T07.15.40.3638653-LCTW01518-8374-TFK658-TTG624-MFG7152C1912500DTFK.xml
AANAK061TEE1,0.0,126.0,12376.31,0.0067,127.428,12355.900391,1.4280157177006112,20.409609000000273,2026-04-05T08.24.52.8288722-LCTW01518-8374-DMT112-TTG624-DMTDUMMY.xml,2026-04-05T07.15.40.3638653-LCTW01518-8374-TFK658-TTG624-MFG7152C1912500DTFK.xml
AANAK061TEE1,0.0,-135.0,12352.4,0.0067,-134.7529999,12335.400391,0.24709095369926845,16.99960900000042,2026-04-05T08.24.52.8288722-LCTW01518-8374-DMT112-TTG624-DMTDUMMY.xml,2026-04-05T07.15.40.3638653-LCTW01518-8374-TFK658-TTG624-MFG7152C1912500DTFK.xml
AANAK061TEE1,-96.0,96.0,12342.87,-96.51,96.51,12324.599609,0.7212489168102857,18.270391000000018,2026-04-05T08.24.52.8288722-LCTW01518-8374-DMT112-TTG624-DMTDUMMY.xml,2026-04-05T07.15.40.3638653-LCTW01518-8374-TFK658-TTG624-MFG7152C1912500DTFK.xml
AANAK061TEE1,96.0,-96.0,12353.05,96.51,-96.51,12334.200195,0.7212489168102857,18.849804999999833,2026-04-05T08.24.52.8288722-LCTW01518-8374-DMT112-TTG624-DMTDUMMY.xml,2026-04-05T07.15.40.3638653-LCTW01518-8374-TFK658-TTG624-MFG7152C1912500DTFK.xml
AANAK061TEE1,135.0,18.0,12343.84,136.2,19.3019,12320.400391,1.7705771968485227,23.439609000000928,2026-04-05T08.24.52.8288722-LCTW01518-8374-DMT112-TTG624-DMTDUMMY.xml,2026-04-05T07.15.40.3638653-LCTW01518-8374-TFK658-TTG624-MFG7152C1912500DTFK.xml
AANAK061TEE1,72.0,126.0,12327.01,71.2039,127.428,12317.599609,1.6349187166339447,9.410390999999436,2026-04-05T08.24.52.8288722-LCTW01518-8374-DMT112-TTG624-DMTDUMMY.xml,2026-04-05T07.15.40.3638653-LCTW01518-8374-TFK658-TTG624-MFG7152C1912500DTFK.xml
AANAK061TEE1,141.0,-36.0,12330.29,142.401,-36.4348,12378.599609,1.466919234313884,-48.30960899999991,2026-04-05T08.24.52.8288722-LCTW01518-8374-DMT112-TTG624-DMTDUMMY.xml,2026-04-05T07.15.40.3638653-LCTW01518-8374-TFK658-TTG624-MFG7152C1912500DTFK.xml
AANAK061TEE1,-135.0,-57.0,12534.37,-136.2,-57.9062,12518.099609,1.503728180224062,16.270391000000018,2026-04-05T08.24.52.8288722-LCTW01518-8374-DMT112-TTG624-DMTDUMMY.xml,2026-04-05T07.15.40.3638653-LCTW01518-8374-TFK658-TTG624-MFG7152C1912500DTFK.xml
AANAK061TEE1,-135.0,57.0,12550.55,-136.2,57.9062,12515.299805,1.503728180224062,35.25019499999871,2026-04-05T08.24.52.8288722-LCTW01518-8374-DMT112-TTG624-DMTDUMMY.xml,2026-04-05T07.15.40.3638653-LCTW01518-8374-TFK658-TTG624-MFG7152C1912500DTFK.xml
AANAK061TEE1,-57.0,-135.0,12529.09,-57.9062,-136.2,12532.5,1.503728180224062,-3.4099999999998545,2026-04-05T08.24.52.8288722-LCTW01518-8374-DMT112-TTG624-DMTDUMMY.xml,2026-04-05T07.15.40.3638653-LCTW01518-8374-TFK658-TTG624-MFG7152C1912500DTFK.xml
AANAK061TEE1,-57.0,135.0,12562.12,-57.9062,136.2,12523.5,1.503728180224062,38.6200000000008,2026-04-05T08.24.52.8288722-LCTW01518-8374-DMT112-TTG624-DMTDUMMY.xml,2026-04-05T07.15.40.3638653-LCTW01518-8374-TFK658-TTG624-MFG7152C1912500DTFK.xml
AANAK061TEE1,57.0,-135.0,12528.85,57.9062,-136.2,12552.0,1.503728180224062,-23.149999999999636,2026-04-05T08.24.52.8288722-LCTW01518-8374-DMT112-TTG624-DMTDUMMY.xml,2026-04-05T07.15.40.3638653-LCTW01518-8374-TFK658-TTG624-MFG7152C1912500DTFK.xml
AANAK090TEG0,0.0,0.0,12630.54,0.0067,-3.6622,12618.299805,3.6622061288245367,12.240195000000313,2026-04-06T05.51.16.9901816-LCTW01518-8374-DMT112-TTG624-DMTDUMMY.xml,2026-04-05T19.36.45.0766439-LCTW01518-8374-TFK554-TTG624-MFG7152C1912500DTFK.xml
AANAK090TEG0,18.0,18.0,12606.67,19.3019,19.3019,12595.099609,1.8411646368535322,11.57039099999929,2026-04-06T05.51.16.9901816-LCTW01518-8374-DMT112-TTG624-DMTDUMMY.xml,2026-04-05T19.36.45.0766439-LCTW01518-8374-TFK554-TTG624-MFG7152C1912500DTFK.xml
AANAK090TEG0,18.0,-21.0,12602.25,19.3019,-19.3019,12594.099609,2.1397399888771536,8.150390999999217,2026-04-06T05.51.16.9901816-LCTW01518-8374-DMT112-TTG624-DMTDUMMY.xml,2026-04-05T19.36.45.0766439-LCTW01518-8374-TFK554-TTG624-MFG7152C1912500DTFK.xml
AANAK090TEG0,-48.0,-36.0,12554.86,-47.4578,-36.4348,12544.799805,0.6950049496226653,10.060195000000022,2026-04-06T05.51.16.9901816-LCTW01518-8374-DMT112-TTG624-DMTDUMMY.xml,2026-04-05T19.36.45.0766439-LCTW01518-8374-TFK554-TTG624-MFG7152C1912500DTFK.xml
AANAK090TEG0,-57.0,18.0,12551.61,-57.9062,19.3019,12538.700195,1.5862351811758546,12.909805000001143,2026-04-06T05.51.16.9901816-LCTW01518-8374-DMT112-TTG624-DMTDUMMY.xml,2026-04-05T19.36.45.0766439-LCTW01518-8374-TFK554-TTG624-MFG7152C1912500DTFK.xml
AANAK090TEG0,-18.0,-57.0,12550.65,-19.3019,-57.9062,12534.599609,1.5862351811758546,16.050390999998854,2026-04-06T05.51.16.9901816-LCTW01518-8374-DMT112-TTG624-DMTDUMMY.xml,2026-04-05T19.36.45.0766439-LCTW01518-8374-TFK554-TTG624-MFG7152C1912500DTFK.xml
AANAK090TEG0,-18.0,57.0,12550.2,-19.3019,57.9062,12535.099609,1.5862351811758546,15.100390999999945,2026-04-06T05.51.16.9901816-LCTW01518-8374-DMT112-TTG624-DMTDUMMY.xml,2026-04-05T19.36.45.0766439-LCTW01518-8374-TFK554-TTG624-MFG7152C1912500DTFK.xml
AANAK090TEG0,72.0,-3.0,12511.0,71.2039,-3.6622,12499.099609,1.035511491969062,11.900390999999217,2026-04-06T05.51.16.9901816-LCTW01518-8374-DMT112-TTG624-DMTDUMMY.xml,2026-04-05T19.36.45.0766439-LCTW01518-8374-TFK554-TTG624-MFG7152C1912500DTFK.xml
AANAK090TEG0,57.0,57.0,12492.54,57.9062,57.9062,12474.099609,1.2815603302224963,18.44039100000009,2026-04-06T05.51.16.9901816-LCTW01518-8374-DMT112-TTG624-DMTDUMMY.xml,2026-04-05T19.36.45.0766439-LCTW01518-8374-TFK554-TTG624-MFG7152C1912500DTFK.xml
AANAK090TEG0,-72.0,63.0,12452.68,-71.1902,61.8829,12441.599609,1.37974216794298,11.080390999999508,2026-04-06T05.51.16.9901816-LCTW01518-8374-DMT112-TTG624-DMTDUMMY.xml,2026-04-05T19.36.45.0766439-LCTW01518-8374-TFK554-TTG624-MFG7152C1912500DTFK.xml
AANAK090TEG0,18.0,-96.0,12448.07,19.3019,-96.51,12433.400391,1.398228740228152,14.669609000000492,2026-04-06T05.51.16.9901816-LCTW01518-8374-DMT112-TTG624-DMTDUMMY.xml,2026-04-05T19.36.45.0766439-LCTW01518-8374-TFK554-TTG624-MFG7152C1912500DTFK.xml
AANAK090TEG0,18.0,96.0,12449.48,19.3019,96.51,12434.799805,1.398228740228152,14.680194999999003,2026-04-06T05.51.16.9901816-LCTW01518-8374-DMT112-TTG624-DMTDUMMY.xml,2026-04-05T19.36.45.0766439-LCTW01518-8374-TFK554-TTG624-MFG7152C1912500DTFK.xml
AANAK090TEG0,96.0,18.0,12450.35,96.51,19.3019,12431.599609,1.398228740228152,18.75039099999958,2026-04-06T05.51.16.9901816-LCTW01518-8374-DMT112-TTG624-DMTDUMMY.xml,2026-04-05T19.36.45.0766439-LCTW01518-8374-TFK554-TTG624-MFG7152C1912500DTFK.xml
AANAK090TEG0,72.0,-69.0,12445.67,71.2039,-69.2075,12432.200195,0.8226976722952309,13.469805000000633,2026-04-06T05.51.16.9901816-LCTW01518-8374-DMT112-TTG624-DMTDUMMY.xml,2026-04-05T19.36.45.0766439-LCTW01518-8374-TFK554-TTG624-MFG7152C1912500DTFK.xml
AANAK090TEG0,-96.0,-57.0,12413.13,-96.51,-57.9062,12400.0,1.0398550091238692,13.1299999999992,2026-04-06T05.51.16.9901816-LCTW01518-8374-DMT112-TTG624-DMTDUMMY.xml,2026-04-05T19.36.45.0766439-LCTW01518-8374-TFK554-TTG624-MFG7152C1912500DTFK.xml
AANAK090TEG0,-57.0,-96.0,12414.35,-57.9062,-96.51,12396.900391,1.0398550091238692,17.449609000001146,2026-04-06T05.51.16.9901816-LCTW01518-8374-DMT112-TTG624-DMTDUMMY.xml,2026-04-05T19.36.45.0766439-LCTW01518-8374-TFK554-TTG624-MFG7152C1912500DTFK.xml
AANAK090TEG0,-57.0,96.0,12411.4,-57.9062,96.51,12397.599609,1.0398550091238692,13.800390999998854,2026-04-06T05.51.16.9901816-LCTW01518-8374-DMT112-TTG624-DMTDUMMY.xml,2026-04-05T19.36.45.0766439-LCTW01518-8374-TFK554-TTG624-MFG7152C1912500DTFK.xml
AANAK090TEG0,96.0,63.0,12405.2,94.9361,61.8829,12395.799805,1.5426586206935122,9.400195000000167,2026-04-06T05.51.16.9901816-LCTW01518-8374-DMT112-TTG624-DMTDUMMY.xml,2026-04-05T19.36.45.0766439-LCTW01518-8374-TFK554-TTG624-MFG7152C1912500DTFK.xml
AANAK090TEG0,-120.0,-3.0,12380.54,-118.655,-3.6622,12376.099609,1.4991777212859043,4.440391000000091,2026-04-06T05.51.16.9901816-LCTW01518-8374-DMT112-TTG624-DMTDUMMY.xml,2026-04-05T19.36.45.0766439-LCTW01518-8374-TFK554-TTG624-MFG7152C1912500DTFK.xml
AANAK090TEG0,0.0,126.0,12370.96,0.0067,127.428,12349.5,1.4280157177006112,21.459999999999127,2026-04-06T05.51.16.9901816-LCTW01518-8374-DMT112-TTG624-DMTDUMMY.xml,2026-04-05T19.36.45.0766439-LCTW01518-8374-TFK554-TTG624-MFG7152C1912500DTFK.xml
AANAK090TEG0,0.0,-135.0,12343.25,0.0067,-134.7529999,12330.0,0.24709095369926845,13.25,2026-04-06T05.51.16.9901816-LCTW01518-8374-DMT112-TTG624-DMTDUMMY.xml,2026-04-05T19.36.45.0766439-LCTW01518-8374-TFK554-TTG624-MFG7152C1912500DTFK.xml
AANAK090TEG0,-96.0,96.0,12334.9,-96.51,96.51,12319.299805,0.7212489168102857,15.600194999999076,2026-04-06T05.51.16.9901816-LCTW01518-8374-DMT112-TTG624-DMTDUMMY.xml,2026-04-05T19.36.45.0766439-LCTW01518-8374-TFK554-TTG624-MFG7152C1912500DTFK.xml
AANAK090TEG0,96.0,-96.0,12342.19,96.51,-96.51,12327.099609,0.7212489168102857,15.090390999999727,2026-04-06T05.51.16.9901816-LCTW01518-8374-DMT112-TTG624-DMTDUMMY.xml,2026-04-05T19.36.45.0766439-LCTW01518-8374-TFK554-TTG624-MFG7152C1912500DTFK.xml
AANAK090TEG0,135.0,18.0,12331.32,136.2,19.3019,12309.700195,1.7705771968485227,21.61980500000027,2026-04-06T05.51.16.9901816-LCTW01518-8374-DMT112-TTG624-DMTDUMMY.xml,2026-04-05T19.36.45.0766439-LCTW01518-8374-TFK554-TTG624-MFG7152C1912500DTFK.xml
AANAK090TEG0,72.0,126.0,12316.72,71.2039,127.428,12309.099609,1.6349187166339447,7.620390999998563,2026-04-06T05.51.16.9901816-LCTW01518-8374-DMT112-TTG624-DMTDUMMY.xml,2026-04-05T19.36.45.0766439-LCTW01518-8374-TFK554-TTG624-MFG7152C1912500DTFK.xml
AANAK090TEG0,141.0,-36.0,12315.76,142.401,-36.4348,12356.700195,1.466919234313884,-40.94019499999922,2026-04-06T05.51.16.9901816-LCTW01518-8374-DMT112-TTG624-DMTDUMMY.xml,2026-04-05T19.36.45.0766439-LCTW01518-8374-TFK554-TTG624-MFG7152C1912500DTFK.xml
AANAK090TEG0,-135.0,-57.0,12537.43,-136.2,-57.9062,12528.099609,1.503728180224062,9.330390999999508,2026-04-06T05.51.16.9901816-LCTW01518-8374-DMT112-TTG624-DMTDUMMY.xml,2026-04-05T19.36.45.0766439-LCTW01518-8374-TFK554-TTG624-MFG7152C1912500DTFK.xml
AANAK090TEG0,-135.0,57.0,12550.01,-136.2,57.9062,12525.400391,1.503728180224062,24.609609000001,2026-04-06T05.51.16.9901816-LCTW01518-8374-DMT112-TTG624-DMTDUMMY.xml,2026-04-05T19.36.45.0766439-LCTW01518-8374-TFK554-TTG624-MFG7152C1912500DTFK.xml
AANAK090TEG0,-57.0,-135.0,12527.48,-57.9062,-136.2,12529.5,1.503728180224062,-2.0200000000004366,2026-04-06T05.51.16.9901816-LCTW01518-8374-DMT112-TTG624-DMTDUMMY.xml,2026-04-05T19.36.45.0766439-LCTW01518-8374-TFK554-TTG624-MFG7152C1912500DTFK.xml
AANAK090TEG0,-57.0,135.0,12552.15,-57.9062,136.2,12518.700195,1.503728180224062,33.4498050000002,2026-04-06T05.51.16.9901816-LCTW01518-8374-DMT112-TTG624-DMTDUMMY.xml,2026-04-05T19.36.45.0766439-LCTW01518-8374-TFK554-TTG624-MFG7152C1912500DTFK.xml
AANAK090TEG0,57.0,-135.0,12523.57,57.9062,-136.2,12530.700195,1.503728180224062,-7.1301949999997305,2026-04-06T05.51.16.9901816-LCTW01518-8374-DMT112-TTG624-DMTDUMMY.xml,2026-04-05T19.36.45.0766439-LCTW01518-8374-TFK554-TTG624-MFG7152C1912500DTFK.xml
