WaferID,BTM_X_mm,BTM_Y_mm,BTM_Thickness,DMT_X_mm,DMT_Y_mm,DMT_Thickness,Distance_mm,Thickness_Delta,BTM_File,DMT_File
GH1WJ243JKG6,0.0,-3.6,12411.0,0.0,0.0,12433.01,3.6,-22.01000000000022,LN1718SS46-7152-12500-DSS.csv,2026-03-27T15.07.06.8611637-LN1718SS46-8333-DMT103-TZJ501-DMTDUMMY.xml
GH1WJ243JKG6,19.3,-19.3,12443.0,18.0,-21.0,12467.32,2.1400934559032696,-24.31999999999971,LN1718SS46-7152-12500-DSS.csv,2026-03-27T15.07.06.8611637-LN1718SS46-8333-DMT103-TZJ501-DMTDUMMY.xml
GH1WJ243JKG6,19.3,19.3,12443.0,18.0,18.0,12465.72,1.8384776310850246,-22.719999999999345,LN1718SS46-7152-12500-DSS.csv,2026-03-27T15.07.06.8611637-LN1718SS46-8333-DMT103-TZJ501-DMTDUMMY.xml
GH1WJ243JKG6,-47.5,-36.4,12418.0,-48.0,-36.0,12438.34,0.640312423743284,-20.340000000000146,LN1718SS46-7152-12500-DSS.csv,2026-03-27T15.07.06.8611637-LN1718SS46-8333-DMT103-TZJ501-DMTDUMMY.xml
GH1WJ243JKG6,-57.9,19.3,12415.0,-57.0,18.0,12437.71,1.5811388300841893,-22.709999999999127,LN1718SS46-7152-12500-DSS.csv,2026-03-27T15.07.06.8611637-LN1718SS46-8333-DMT103-TZJ501-DMTDUMMY.xml
GH1WJ243JKG6,-19.3,-57.9,12410.0,-18.0,-57.0,12433.67,1.5811388300841893,-23.670000000000073,LN1718SS46-7152-12500-DSS.csv,2026-03-27T15.07.06.8611637-LN1718SS46-8333-DMT103-TZJ501-DMTDUMMY.xml
GH1WJ243JKG6,-19.3,57.9,12414.0,-18.0,57.0,12436.03,1.5811388300841893,-22.030000000000655,LN1718SS46-7152-12500-DSS.csv,2026-03-27T15.07.06.8611637-LN1718SS46-8333-DMT103-TZJ501-DMTDUMMY.xml
GH1WJ243JKG6,71.2,-3.6,12390.0,72.0,-3.0,12412.46,0.9999999999999978,-22.459999999999127,LN1718SS46-7152-12500-DSS.csv,2026-03-27T15.07.06.8611637-LN1718SS46-8333-DMT103-TZJ501-DMTDUMMY.xml
GH1WJ243JKG6,57.9,57.9,12380.0,57.0,57.0,12402.35,1.2727922061357835,-22.350000000000364,LN1718SS46-7152-12500-DSS.csv,2026-03-27T15.07.06.8611637-LN1718SS46-8333-DMT103-TZJ501-DMTDUMMY.xml
GH1WJ243JKG6,-71.2,61.9,12368.0,-72.0,63.0,12388.96,1.3601470508735438,-20.959999999999127,LN1718SS46-7152-12500-DSS.csv,2026-03-27T15.07.06.8611637-LN1718SS46-8333-DMT103-TZJ501-DMTDUMMY.xml
GH1WJ243JKG6,19.3,-96.5,12353.0,18.0,-96.0,12375.74,1.3928388277184127,-22.73999999999978,LN1718SS46-7152-12500-DSS.csv,2026-03-27T15.07.06.8611637-LN1718SS46-8333-DMT103-TZJ501-DMTDUMMY.xml
GH1WJ243JKG6,19.3,96.5,12360.0,18.0,96.0,12383.83,1.3928388277184127,-23.829999999999927,LN1718SS46-7152-12500-DSS.csv,2026-03-27T15.07.06.8611637-LN1718SS46-8333-DMT103-TZJ501-DMTDUMMY.xml
GH1WJ243JKG6,96.5,19.3,12362.0,96.0,18.0,12386.42,1.3928388277184127,-24.420000000000073,LN1718SS46-7152-12500-DSS.csv,2026-03-27T15.07.06.8611637-LN1718SS46-8333-DMT103-TZJ501-DMTDUMMY.xml
GH1WJ243JKG6,71.2,-69.2,12357.0,72.0,-69.0,12378.98,0.82462112512353,-21.979999999999563,LN1718SS46-7152-12500-DSS.csv,2026-03-27T15.07.06.8611637-LN1718SS46-8333-DMT103-TZJ501-DMTDUMMY.xml
GH1WJ243JKG6,-96.5,-57.9,12331.0,-96.0,-57.0,12354.29,1.0295630140986987,-23.290000000000873,LN1718SS46-7152-12500-DSS.csv,2026-03-27T15.07.06.8611637-LN1718SS46-8333-DMT103-TZJ501-DMTDUMMY.xml
GH1WJ243JKG6,-57.9,-96.5,12329.0,-57.0,-96.0,12352.5,1.0295630140986987,-23.5,LN1718SS46-7152-12500-DSS.csv,2026-03-27T15.07.06.8611637-LN1718SS46-8333-DMT103-TZJ501-DMTDUMMY.xml
GH1WJ243JKG6,-57.9,96.5,12340.0,-57.0,96.0,12363.46,1.0295630140986987,-23.459999999999127,LN1718SS46-7152-12500-DSS.csv,2026-03-27T15.07.06.8611637-LN1718SS46-8333-DMT103-TZJ501-DMTDUMMY.xml
GH1WJ243JKG6,94.9,61.8,12339.0,96.0,63.0,12358.58,1.6278820596099688,-19.579999999999927,LN1718SS46-7152-12500-DSS.csv,2026-03-27T15.07.06.8611637-LN1718SS46-8333-DMT103-TZJ501-DMTDUMMY.xml
GH1WJ243JKG6,-118.6,-3.6,12321.0,-120.0,-3.0,12342.4,1.523154621172787,-21.399999999999636,LN1718SS46-7152-12500-DSS.csv,2026-03-27T15.07.06.8611637-LN1718SS46-8333-DMT103-TZJ501-DMTDUMMY.xml
GH1WJ243JKG6,0.0,127.4,12316.0,0.0,126.0,12341.01,1.4000000000000057,-25.01000000000022,LN1718SS46-7152-12500-DSS.csv,2026-03-27T15.07.06.8611637-LN1718SS46-8333-DMT103-TZJ501-DMTDUMMY.xml
GH1WJ243JKG6,0.0,-134.7,12307.0,0.0,-135.0,12332.46,0.30000000000001137,-25.459999999999127,LN1718SS46-7152-12500-DSS.csv,2026-03-27T15.07.06.8611637-LN1718SS46-8333-DMT103-TZJ501-DMTDUMMY.xml
GH1WJ243JKG6,-96.5,96.5,12315.0,-96.0,96.0,12337.46,0.7071067811865476,-22.459999999999127,LN1718SS46-7152-12500-DSS.csv,2026-03-27T15.07.06.8611637-LN1718SS46-8333-DMT103-TZJ501-DMTDUMMY.xml
GH1WJ243JKG6,96.5,-96.5,12320.0,96.0,-96.0,12342.25,0.7071067811865476,-22.25,LN1718SS46-7152-12500-DSS.csv,2026-03-27T15.07.06.8611637-LN1718SS46-8333-DMT103-TZJ501-DMTDUMMY.xml
GH1WJ243JKG6,136.2,19.3,12324.0,135.0,18.0,12346.26,1.769180601295406,-22.26000000000022,LN1718SS46-7152-12500-DSS.csv,2026-03-27T15.07.06.8611637-LN1718SS46-8333-DMT103-TZJ501-DMTDUMMY.xml
GH1WJ243JKG6,71.2,127.4,12406.0,72.0,126.0,12396.85,1.6124515496597134,9.149999999999636,LN1718SS46-7152-12500-DSS.csv,2026-03-27T15.07.06.8611637-LN1718SS46-8333-DMT103-TZJ501-DMTDUMMY.xml
GH1WJ243JKG6,141.9,-35.9,12459.0,141.0,-36.0,12440.62,0.9055385138137475,18.3799999999992,LN1718SS46-7152-12500-DSS.csv,2026-03-27T15.07.06.8611637-LN1718SS46-8333-DMT103-TZJ501-DMTDUMMY.xml
GH1WJ243JKG6,-136.2,-57.9,12680.0,-135.0,-57.0,12483.29,1.49999999999999,196.70999999999913,LN1718SS46-7152-12500-DSS.csv,2026-03-27T15.07.06.8611637-LN1718SS46-8333-DMT103-TZJ501-DMTDUMMY.xml
GH1WJ243JKG6,-136.2,57.9,12684.0,-135.0,57.0,12484.58,1.49999999999999,199.42000000000007,LN1718SS46-7152-12500-DSS.csv,2026-03-27T15.07.06.8611637-LN1718SS46-8333-DMT103-TZJ501-DMTDUMMY.xml
GH1WJ243JKG6,-57.9,-136.2,12674.0,-57.0,-135.0,12478.4,1.49999999999999,195.60000000000036,LN1718SS46-7152-12500-DSS.csv,2026-03-27T15.07.06.8611637-LN1718SS46-8333-DMT103-TZJ501-DMTDUMMY.xml
GH1WJ243JKG6,-57.9,136.2,12661.0,-57.0,135.0,12465.43,1.49999999999999,195.5699999999997,LN1718SS46-7152-12500-DSS.csv,2026-03-27T15.07.06.8611637-LN1718SS46-8333-DMT103-TZJ501-DMTDUMMY.xml
GH1WJ243JKG6,57.9,-136.2,12683.0,57.0,-135.0,12487.61,1.49999999999999,195.38999999999942,LN1718SS46-7152-12500-DSS.csv,2026-03-27T15.07.06.8611637-LN1718SS46-8333-DMT103-TZJ501-DMTDUMMY.xml
WMCTA057ESB3,0.0,-3.6,12490.0,0.0,0.0,12517.67,3.6,-27.670000000000073,LN1718SS46-7152-12500-DSS.csv,2026-03-27T15.07.06.8611637-LN1718SS46-8333-DMT103-TZJ501-DMTDUMMY.xml
WMCTA057ESB3,19.3,-19.3,12436.0,18.0,-21.0,12457.21,2.1400934559032696,-21.209999999999127,LN1718SS46-7152-12500-DSS.csv,2026-03-27T15.07.06.8611637-LN1718SS46-8333-DMT103-TZJ501-DMTDUMMY.xml
WMCTA057ESB3,19.3,19.3,12435.0,18.0,18.0,12461.96,1.8384776310850246,-26.959999999999127,LN1718SS46-7152-12500-DSS.csv,2026-03-27T15.07.06.8611637-LN1718SS46-8333-DMT103-TZJ501-DMTDUMMY.xml
WMCTA057ESB3,-47.5,-36.4,12387.0,-48.0,-36.0,12410.69,0.640312423743284,-23.69000000000051,LN1718SS46-7152-12500-DSS.csv,2026-03-27T15.07.06.8611637-LN1718SS46-8333-DMT103-TZJ501-DMTDUMMY.xml
WMCTA057ESB3,-57.9,19.3,12387.0,-57.0,18.0,12410.52,1.5811388300841893,-23.520000000000437,LN1718SS46-7152-12500-DSS.csv,2026-03-27T15.07.06.8611637-LN1718SS46-8333-DMT103-TZJ501-DMTDUMMY.xml
WMCTA057ESB3,-19.3,-57.9,12390.0,-18.0,-57.0,12413.94,1.5811388300841893,-23.94000000000051,LN1718SS46-7152-12500-DSS.csv,2026-03-27T15.07.06.8611637-LN1718SS46-8333-DMT103-TZJ501-DMTDUMMY.xml
WMCTA057ESB3,-19.3,57.9,12384.0,-18.0,57.0,12412.02,1.5811388300841893,-28.020000000000437,LN1718SS46-7152-12500-DSS.csv,2026-03-27T15.07.06.8611637-LN1718SS46-8333-DMT103-TZJ501-DMTDUMMY.xml
WMCTA057ESB3,71.2,-3.6,12359.0,72.0,-3.0,12381.92,0.9999999999999978,-22.920000000000073,LN1718SS46-7152-12500-DSS.csv,2026-03-27T15.07.06.8611637-LN1718SS46-8333-DMT103-TZJ501-DMTDUMMY.xml
WMCTA057ESB3,57.9,57.9,12343.0,57.0,57.0,12369.47,1.2727922061357835,-26.469999999999345,LN1718SS46-7152-12500-DSS.csv,2026-03-27T15.07.06.8611637-LN1718SS46-8333-DMT103-TZJ501-DMTDUMMY.xml
WMCTA057ESB3,-71.2,61.9,12327.0,-72.0,63.0,12351.07,1.3601470508735438,-24.06999999999971,LN1718SS46-7152-12500-DSS.csv,2026-03-27T15.07.06.8611637-LN1718SS46-8333-DMT103-TZJ501-DMTDUMMY.xml
WMCTA057ESB3,19.3,-96.5,12322.0,18.0,-96.0,12349.07,1.3928388277184127,-27.06999999999971,LN1718SS46-7152-12500-DSS.csv,2026-03-27T15.07.06.8611637-LN1718SS46-8333-DMT103-TZJ501-DMTDUMMY.xml
WMCTA057ESB3,19.3,96.5,12315.0,18.0,96.0,12341.61,1.3928388277184127,-26.610000000000582,LN1718SS46-7152-12500-DSS.csv,2026-03-27T15.07.06.8611637-LN1718SS46-8333-DMT103-TZJ501-DMTDUMMY.xml
WMCTA057ESB3,96.5,19.3,12320.0,96.0,18.0,12346.34,1.3928388277184127,-26.340000000000146,LN1718SS46-7152-12500-DSS.csv,2026-03-27T15.07.06.8611637-LN1718SS46-8333-DMT103-TZJ501-DMTDUMMY.xml
WMCTA057ESB3,71.2,-69.2,12319.0,72.0,-69.0,12344.16,0.82462112512353,-25.159999999999854,LN1718SS46-7152-12500-DSS.csv,2026-03-27T15.07.06.8611637-LN1718SS46-8333-DMT103-TZJ501-DMTDUMMY.xml
WMCTA057ESB3,-96.5,-57.9,12300.0,-96.0,-57.0,12327.04,1.0295630140986987,-27.040000000000873,LN1718SS46-7152-12500-DSS.csv,2026-03-27T15.07.06.8611637-LN1718SS46-8333-DMT103-TZJ501-DMTDUMMY.xml
WMCTA057ESB3,-57.9,-96.5,12303.0,-57.0,-96.0,12329.88,1.0295630140986987,-26.8799999999992,LN1718SS46-7152-12500-DSS.csv,2026-03-27T15.07.06.8611637-LN1718SS46-8333-DMT103-TZJ501-DMTDUMMY.xml
WMCTA057ESB3,-57.9,96.5,12297.0,-57.0,96.0,12323.09,1.0295630140986987,-26.090000000000146,LN1718SS46-7152-12500-DSS.csv,2026-03-27T15.07.06.8611637-LN1718SS46-8333-DMT103-TZJ501-DMTDUMMY.xml
WMCTA057ESB3,94.9,61.8,12294.0,96.0,63.0,12316.75,1.6278820596099688,-22.75,LN1718SS46-7152-12500-DSS.csv,2026-03-27T15.07.06.8611637-LN1718SS46-8333-DMT103-TZJ501-DMTDUMMY.xml
WMCTA057ESB3,-118.6,-3.6,12290.0,-120.0,-3.0,12313.99,1.523154621172787,-23.98999999999978,LN1718SS46-7152-12500-DSS.csv,2026-03-27T15.07.06.8611637-LN1718SS46-8333-DMT103-TZJ501-DMTDUMMY.xml
WMCTA057ESB3,0.0,127.4,12280.0,0.0,126.0,12307.23,1.4000000000000057,-27.229999999999563,LN1718SS46-7152-12500-DSS.csv,2026-03-27T15.07.06.8611637-LN1718SS46-8333-DMT103-TZJ501-DMTDUMMY.xml
WMCTA057ESB3,0.0,-134.7,12289.0,0.0,-135.0,12313.2,0.30000000000001137,-24.200000000000728,LN1718SS46-7152-12500-DSS.csv,2026-03-27T15.07.06.8611637-LN1718SS46-8333-DMT103-TZJ501-DMTDUMMY.xml
WMCTA057ESB3,-96.5,96.5,12287.0,-96.0,96.0,12310.8,0.7071067811865476,-23.799999999999272,LN1718SS46-7152-12500-DSS.csv,2026-03-27T15.07.06.8611637-LN1718SS46-8333-DMT103-TZJ501-DMTDUMMY.xml
WMCTA057ESB3,96.5,-96.5,12292.0,96.0,-96.0,12319.34,0.7071067811865476,-27.340000000000146,LN1718SS46-7152-12500-DSS.csv,2026-03-27T15.07.06.8611637-LN1718SS46-8333-DMT103-TZJ501-DMTDUMMY.xml
WMCTA057ESB3,136.2,19.3,12279.0,135.0,18.0,12304.08,1.769180601295406,-25.079999999999927,LN1718SS46-7152-12500-DSS.csv,2026-03-27T15.07.06.8611637-LN1718SS46-8333-DMT103-TZJ501-DMTDUMMY.xml
WMCTA057ESB3,71.2,127.4,12367.0,72.0,126.0,12365.4,1.6124515496597134,1.6000000000003638,LN1718SS46-7152-12500-DSS.csv,2026-03-27T15.07.06.8611637-LN1718SS46-8333-DMT103-TZJ501-DMTDUMMY.xml
WMCTA057ESB3,141.9,-35.9,12397.0,141.0,-36.0,12389.81,0.9055385138137475,7.190000000000509,LN1718SS46-7152-12500-DSS.csv,2026-03-27T15.07.06.8611637-LN1718SS46-8333-DMT103-TZJ501-DMTDUMMY.xml
WMCTA057ESB3,-136.2,-57.9,12645.0,-135.0,-57.0,12448.44,1.49999999999999,196.5599999999995,LN1718SS46-7152-12500-DSS.csv,2026-03-27T15.07.06.8611637-LN1718SS46-8333-DMT103-TZJ501-DMTDUMMY.xml
WMCTA057ESB3,-136.2,57.9,12636.0,-135.0,57.0,12435.67,1.49999999999999,200.32999999999993,LN1718SS46-7152-12500-DSS.csv,2026-03-27T15.07.06.8611637-LN1718SS46-8333-DMT103-TZJ501-DMTDUMMY.xml
WMCTA057ESB3,-57.9,-136.2,12654.0,-57.0,-135.0,12456.94,1.49999999999999,197.0599999999995,LN1718SS46-7152-12500-DSS.csv,2026-03-27T15.07.06.8611637-LN1718SS46-8333-DMT103-TZJ501-DMTDUMMY.xml
WMCTA057ESB3,-57.9,136.2,12620.0,-57.0,135.0,12423.54,1.49999999999999,196.45999999999913,LN1718SS46-7152-12500-DSS.csv,2026-03-27T15.07.06.8611637-LN1718SS46-8333-DMT103-TZJ501-DMTDUMMY.xml
WMCTA057ESB3,57.9,-136.2,12656.0,57.0,-135.0,12468.6,1.49999999999999,187.39999999999964,LN1718SS46-7152-12500-DSS.csv,2026-03-27T15.07.06.8611637-LN1718SS46-8333-DMT103-TZJ501-DMTDUMMY.xml
FJ8FV462JKE3,0.0,-3.6,12394.0,0.0,0.0,12423.68,3.6,-29.68000000000029,LN1718SS46-7152-12500-DSS.csv,2026-03-27T15.07.06.8611637-LN1718SS46-8333-DMT103-TZJ501-DMTDUMMY.xml
FJ8FV462JKE3,19.3,-19.3,12408.0,18.0,-21.0,12441.39,2.1400934559032696,-33.38999999999942,LN1718SS46-7152-12500-DSS.csv,2026-03-27T15.07.06.8611637-LN1718SS46-8333-DMT103-TZJ501-DMTDUMMY.xml
FJ8FV462JKE3,19.3,19.3,12404.0,18.0,18.0,12436.56,1.8384776310850246,-32.55999999999949,LN1718SS46-7152-12500-DSS.csv,2026-03-27T15.07.06.8611637-LN1718SS46-8333-DMT103-TZJ501-DMTDUMMY.xml
FJ8FV462JKE3,-47.5,-36.4,12360.0,-48.0,-36.0,12394.82,0.640312423743284,-34.81999999999971,LN1718SS46-7152-12500-DSS.csv,2026-03-27T15.07.06.8611637-LN1718SS46-8333-DMT103-TZJ501-DMTDUMMY.xml
FJ8FV462JKE3,-57.9,19.3,12371.0,-57.0,18.0,12407.99,1.5811388300841893,-36.98999999999978,LN1718SS46-7152-12500-DSS.csv,2026-03-27T15.07.06.8611637-LN1718SS46-8333-DMT103-TZJ501-DMTDUMMY.xml
FJ8FV462JKE3,-19.3,-57.9,12356.0,-18.0,-57.0,12390.86,1.5811388300841893,-34.86000000000058,LN1718SS46-7152-12500-DSS.csv,2026-03-27T15.07.06.8611637-LN1718SS46-8333-DMT103-TZJ501-DMTDUMMY.xml
FJ8FV462JKE3,-19.3,57.9,12364.0,-18.0,57.0,12401.76,1.5811388300841893,-37.76000000000022,LN1718SS46-7152-12500-DSS.csv,2026-03-27T15.07.06.8611637-LN1718SS46-8333-DMT103-TZJ501-DMTDUMMY.xml
FJ8FV462JKE3,71.2,-3.6,12338.0,72.0,-3.0,12373.32,0.9999999999999978,-35.31999999999971,LN1718SS46-7152-12500-DSS.csv,2026-03-27T15.07.06.8611637-LN1718SS46-8333-DMT103-TZJ501-DMTDUMMY.xml
FJ8FV462JKE3,57.9,57.9,12311.0,57.0,57.0,12348.08,1.2727922061357835,-37.07999999999993,LN1718SS46-7152-12500-DSS.csv,2026-03-27T15.07.06.8611637-LN1718SS46-8333-DMT103-TZJ501-DMTDUMMY.xml
FJ8FV462JKE3,-71.2,61.9,12296.0,-72.0,63.0,12329.56,1.3601470508735438,-33.55999999999949,LN1718SS46-7152-12500-DSS.csv,2026-03-27T15.07.06.8611637-LN1718SS46-8333-DMT103-TZJ501-DMTDUMMY.xml
FJ8FV462JKE3,19.3,-96.5,12275.0,18.0,-96.0,12311.9,1.3928388277184127,-36.899999999999636,LN1718SS46-7152-12500-DSS.csv,2026-03-27T15.07.06.8611637-LN1718SS46-8333-DMT103-TZJ501-DMTDUMMY.xml
FJ8FV462JKE3,19.3,96.5,12281.0,18.0,96.0,12320.05,1.3928388277184127,-39.04999999999927,LN1718SS46-7152-12500-DSS.csv,2026-03-27T15.07.06.8611637-LN1718SS46-8333-DMT103-TZJ501-DMTDUMMY.xml
FJ8FV462JKE3,96.5,19.3,12283.0,96.0,18.0,12322.3,1.3928388277184127,-39.29999999999927,LN1718SS46-7152-12500-DSS.csv,2026-03-27T15.07.06.8611637-LN1718SS46-8333-DMT103-TZJ501-DMTDUMMY.xml
FJ8FV462JKE3,71.2,-69.2,12277.0,72.0,-69.0,12312.81,0.82462112512353,-35.80999999999949,LN1718SS46-7152-12500-DSS.csv,2026-03-27T15.07.06.8611637-LN1718SS46-8333-DMT103-TZJ501-DMTDUMMY.xml
FJ8FV462JKE3,-96.5,-57.9,12253.0,-96.0,-57.0,12290.97,1.0295630140986987,-37.969999999999345,LN1718SS46-7152-12500-DSS.csv,2026-03-27T15.07.06.8611637-LN1718SS46-8333-DMT103-TZJ501-DMTDUMMY.xml
FJ8FV462JKE3,-57.9,-96.5,12243.0,-57.0,-96.0,12284.15,1.0295630140986987,-41.149999999999636,LN1718SS46-7152-12500-DSS.csv,2026-03-27T15.07.06.8611637-LN1718SS46-8333-DMT103-TZJ501-DMTDUMMY.xml
FJ8FV462JKE3,-57.9,96.5,12245.0,-57.0,96.0,12285.42,1.0295630140986987,-40.42000000000007,LN1718SS46-7152-12500-DSS.csv,2026-03-27T15.07.06.8611637-LN1718SS46-8333-DMT103-TZJ501-DMTDUMMY.xml
FJ8FV462JKE3,94.9,61.8,12255.0,96.0,63.0,12292.71,1.6278820596099688,-37.70999999999913,LN1718SS46-7152-12500-DSS.csv,2026-03-27T15.07.06.8611637-LN1718SS46-8333-DMT103-TZJ501-DMTDUMMY.xml
FJ8FV462JKE3,-118.6,-3.6,12231.0,-120.0,-3.0,12267.27,1.523154621172787,-36.27000000000044,LN1718SS46-7152-12500-DSS.csv,2026-03-27T15.07.06.8611637-LN1718SS46-8333-DMT103-TZJ501-DMTDUMMY.xml
FJ8FV462JKE3,0.0,127.4,12232.0,0.0,126.0,12272.34,1.4000000000000057,-40.340000000000146,LN1718SS46-7152-12500-DSS.csv,2026-03-27T15.07.06.8611637-LN1718SS46-8333-DMT103-TZJ501-DMTDUMMY.xml
FJ8FV462JKE3,0.0,-134.7,12214.0,0.0,-135.0,12256.68,0.30000000000001137,-42.68000000000029,LN1718SS46-7152-12500-DSS.csv,2026-03-27T15.07.06.8611637-LN1718SS46-8333-DMT103-TZJ501-DMTDUMMY.xml
FJ8FV462JKE3,-96.5,96.5,12201.0,-96.0,96.0,12242.21,0.7071067811865476,-41.20999999999913,LN1718SS46-7152-12500-DSS.csv,2026-03-27T15.07.06.8611637-LN1718SS46-8333-DMT103-TZJ501-DMTDUMMY.xml
FJ8FV462JKE3,96.5,-96.5,12207.0,96.0,-96.0,12250.0,0.7071067811865476,-43.0,LN1718SS46-7152-12500-DSS.csv,2026-03-27T15.07.06.8611637-LN1718SS46-8333-DMT103-TZJ501-DMTDUMMY.xml
FJ8FV462JKE3,136.2,19.3,12229.0,135.0,18.0,12264.61,1.769180601295406,-35.61000000000058,LN1718SS46-7152-12500-DSS.csv,2026-03-27T15.07.06.8611637-LN1718SS46-8333-DMT103-TZJ501-DMTDUMMY.xml
FJ8FV462JKE3,71.2,127.4,12346.0,72.0,126.0,12350.83,1.6124515496597134,-4.829999999999927,LN1718SS46-7152-12500-DSS.csv,2026-03-27T15.07.06.8611637-LN1718SS46-8333-DMT103-TZJ501-DMTDUMMY.xml
FJ8FV462JKE3,141.9,-35.9,12355.0,141.0,-36.0,12350.04,0.9055385138137475,4.959999999999127,LN1718SS46-7152-12500-DSS.csv,2026-03-27T15.07.06.8611637-LN1718SS46-8333-DMT103-TZJ501-DMTDUMMY.xml
FJ8FV462JKE3,-136.2,-57.9,12563.0,-135.0,-57.0,12383.35,1.49999999999999,179.64999999999964,LN1718SS46-7152-12500-DSS.csv,2026-03-27T15.07.06.8611637-LN1718SS46-8333-DMT103-TZJ501-DMTDUMMY.xml
FJ8FV462JKE3,-136.2,57.9,12544.0,-135.0,57.0,12363.19,1.49999999999999,180.8099999999995,LN1718SS46-7152-12500-DSS.csv,2026-03-27T15.07.06.8611637-LN1718SS46-8333-DMT103-TZJ501-DMTDUMMY.xml
FJ8FV462JKE3,-57.9,-136.2,12574.0,-57.0,-135.0,12397.7,1.49999999999999,176.29999999999927,LN1718SS46-7152-12500-DSS.csv,2026-03-27T15.07.06.8611637-LN1718SS46-8333-DMT103-TZJ501-DMTDUMMY.xml
FJ8FV462JKE3,-57.9,136.2,12570.0,-57.0,135.0,12383.18,1.49999999999999,186.8199999999997,LN1718SS46-7152-12500-DSS.csv,2026-03-27T15.07.06.8611637-LN1718SS46-8333-DMT103-TZJ501-DMTDUMMY.xml
FJ8FV462JKE3,57.9,-136.2,12568.0,57.0,-135.0,12394.67,1.49999999999999,173.32999999999993,LN1718SS46-7152-12500-DSS.csv,2026-03-27T15.07.06.8611637-LN1718SS46-8333-DMT103-TZJ501-DMTDUMMY.xml
GD2EG055JKE1,0.0,-3.6,12514.0,0.0,0.0,12540.87,3.6,-26.8700000000008,LN1718SS46-7152-12500-DSS.csv,2026-03-27T15.07.06.8611637-LN1718SS46-8333-DMT103-TZJ501-DMTDUMMY.xml
GD2EG055JKE1,19.3,-19.3,12492.0,18.0,-21.0,12517.53,2.1400934559032696,-25.530000000000655,LN1718SS46-7152-12500-DSS.csv,2026-03-27T15.07.06.8611637-LN1718SS46-8333-DMT103-TZJ501-DMTDUMMY.xml
GD2EG055JKE1,19.3,19.3,12496.0,18.0,18.0,12525.76,1.8384776310850246,-29.76000000000022,LN1718SS46-7152-12500-DSS.csv,2026-03-27T15.07.06.8611637-LN1718SS46-8333-DMT103-TZJ501-DMTDUMMY.xml
GD2EG055JKE1,-47.5,-36.4,12441.0,-48.0,-36.0,12465.79,0.640312423743284,-24.790000000000873,LN1718SS46-7152-12500-DSS.csv,2026-03-27T15.07.06.8611637-LN1718SS46-8333-DMT103-TZJ501-DMTDUMMY.xml
GD2EG055JKE1,-57.9,19.3,12442.0,-57.0,18.0,12469.04,1.5811388300841893,-27.040000000000873,LN1718SS46-7152-12500-DSS.csv,2026-03-27T15.07.06.8611637-LN1718SS46-8333-DMT103-TZJ501-DMTDUMMY.xml
GD2EG055JKE1,-19.3,-57.9,12436.0,-18.0,-57.0,12464.09,1.5811388300841893,-28.090000000000146,LN1718SS46-7152-12500-DSS.csv,2026-03-27T15.07.06.8611637-LN1718SS46-8333-DMT103-TZJ501-DMTDUMMY.xml
GD2EG055JKE1,-19.3,57.9,12441.0,-18.0,57.0,12469.49,1.5811388300841893,-28.48999999999978,LN1718SS46-7152-12500-DSS.csv,2026-03-27T15.07.06.8611637-LN1718SS46-8333-DMT103-TZJ501-DMTDUMMY.xml
GD2EG055JKE1,71.2,-3.6,12413.0,72.0,-3.0,12436.75,0.9999999999999978,-23.75,LN1718SS46-7152-12500-DSS.csv,2026-03-27T15.07.06.8611637-LN1718SS46-8333-DMT103-TZJ501-DMTDUMMY.xml
GD2EG055JKE1,57.9,57.9,12398.0,57.0,57.0,12425.83,1.2727922061357835,-27.829999999999927,LN1718SS46-7152-12500-DSS.csv,2026-03-27T15.07.06.8611637-LN1718SS46-8333-DMT103-TZJ501-DMTDUMMY.xml
GD2EG055JKE1,-71.2,61.9,12390.0,-72.0,63.0,12412.44,1.3601470508735438,-22.44000000000051,LN1718SS46-7152-12500-DSS.csv,2026-03-27T15.07.06.8611637-LN1718SS46-8333-DMT103-TZJ501-DMTDUMMY.xml
GD2EG055JKE1,19.3,-96.5,12375.0,18.0,-96.0,12400.48,1.3928388277184127,-25.479999999999563,LN1718SS46-7152-12500-DSS.csv,2026-03-27T15.07.06.8611637-LN1718SS46-8333-DMT103-TZJ501-DMTDUMMY.xml
GD2EG055JKE1,19.3,96.5,12376.0,18.0,96.0,12404.53,1.3928388277184127,-28.530000000000655,LN1718SS46-7152-12500-DSS.csv,2026-03-27T15.07.06.8611637-LN1718SS46-8333-DMT103-TZJ501-DMTDUMMY.xml
GD2EG055JKE1,96.5,19.3,12373.0,96.0,18.0,12400.1,1.3928388277184127,-27.100000000000364,LN1718SS46-7152-12500-DSS.csv,2026-03-27T15.07.06.8611637-LN1718SS46-8333-DMT103-TZJ501-DMTDUMMY.xml
GD2EG055JKE1,71.2,-69.2,12373.0,72.0,-69.0,12397.16,0.82462112512353,-24.159999999999854,LN1718SS46-7152-12500-DSS.csv,2026-03-27T15.07.06.8611637-LN1718SS46-8333-DMT103-TZJ501-DMTDUMMY.xml
GD2EG055JKE1,-96.5,-57.9,12352.0,-96.0,-57.0,12375.46,1.0295630140986987,-23.459999999999127,LN1718SS46-7152-12500-DSS.csv,2026-03-27T15.07.06.8611637-LN1718SS46-8333-DMT103-TZJ501-DMTDUMMY.xml
GD2EG055JKE1,-57.9,-96.5,12345.0,-57.0,-96.0,12372.63,1.0295630140986987,-27.6299999999992,LN1718SS46-7152-12500-DSS.csv,2026-03-27T15.07.06.8611637-LN1718SS46-8333-DMT103-TZJ501-DMTDUMMY.xml
GD2EG055JKE1,-57.9,96.5,12356.0,-57.0,96.0,12382.16,1.0295630140986987,-26.159999999999854,LN1718SS46-7152-12500-DSS.csv,2026-03-27T15.07.06.8611637-LN1718SS46-8333-DMT103-TZJ501-DMTDUMMY.xml
GD2EG055JKE1,94.9,61.8,12354.0,96.0,63.0,12377.9,1.6278820596099688,-23.899999999999636,LN1718SS46-7152-12500-DSS.csv,2026-03-27T15.07.06.8611637-LN1718SS46-8333-DMT103-TZJ501-DMTDUMMY.xml
GD2EG055JKE1,-118.6,-3.6,12339.0,-120.0,-3.0,12364.05,1.523154621172787,-25.049999999999272,LN1718SS46-7152-12500-DSS.csv,2026-03-27T15.07.06.8611637-LN1718SS46-8333-DMT103-TZJ501-DMTDUMMY.xml
GD2EG055JKE1,0.0,127.4,12336.0,0.0,126.0,12364.66,1.4000000000000057,-28.659999999999854,LN1718SS46-7152-12500-DSS.csv,2026-03-27T15.07.06.8611637-LN1718SS46-8333-DMT103-TZJ501-DMTDUMMY.xml
GD2EG055JKE1,0.0,-134.7,12319.0,0.0,-135.0,12348.06,0.30000000000001137,-29.05999999999949,LN1718SS46-7152-12500-DSS.csv,2026-03-27T15.07.06.8611637-LN1718SS46-8333-DMT103-TZJ501-DMTDUMMY.xml
GD2EG055JKE1,-96.5,96.5,12338.0,-96.0,96.0,12362.27,0.7071067811865476,-24.270000000000437,LN1718SS46-7152-12500-DSS.csv,2026-03-27T15.07.06.8611637-LN1718SS46-8333-DMT103-TZJ501-DMTDUMMY.xml
GD2EG055JKE1,96.5,-96.5,12336.0,96.0,-96.0,12361.3,0.7071067811865476,-25.299999999999272,LN1718SS46-7152-12500-DSS.csv,2026-03-27T15.07.06.8611637-LN1718SS46-8333-DMT103-TZJ501-DMTDUMMY.xml
GD2EG055JKE1,136.2,19.3,12331.0,135.0,18.0,12354.12,1.769180601295406,-23.1200000000008,LN1718SS46-7152-12500-DSS.csv,2026-03-27T15.07.06.8611637-LN1718SS46-8333-DMT103-TZJ501-DMTDUMMY.xml
GD2EG055JKE1,71.2,127.4,12455.0,72.0,126.0,12443.4,1.6124515496597134,11.600000000000364,LN1718SS46-7152-12500-DSS.csv,2026-03-27T15.07.06.8611637-LN1718SS46-8333-DMT103-TZJ501-DMTDUMMY.xml
GD2EG055JKE1,141.9,-35.9,12459.0,141.0,-36.0,12441.26,0.9055385138137475,17.73999999999978,LN1718SS46-7152-12500-DSS.csv,2026-03-27T15.07.06.8611637-LN1718SS46-8333-DMT103-TZJ501-DMTDUMMY.xml
GD2EG055JKE1,-136.2,-57.9,12677.0,-135.0,-57.0,12487.43,1.49999999999999,189.5699999999997,LN1718SS46-7152-12500-DSS.csv,2026-03-27T15.07.06.8611637-LN1718SS46-8333-DMT103-TZJ501-DMTDUMMY.xml
GD2EG055JKE1,-136.2,57.9,12697.0,-135.0,57.0,12501.64,1.49999999999999,195.36000000000058,LN1718SS46-7152-12500-DSS.csv,2026-03-27T15.07.06.8611637-LN1718SS46-8333-DMT103-TZJ501-DMTDUMMY.xml
GD2EG055JKE1,-57.9,-136.2,12688.0,-57.0,-135.0,12497.53,1.49999999999999,190.46999999999935,LN1718SS46-7152-12500-DSS.csv,2026-03-27T15.07.06.8611637-LN1718SS46-8333-DMT103-TZJ501-DMTDUMMY.xml
GD2EG055JKE1,-57.9,136.2,12729.0,-57.0,135.0,12519.65,1.49999999999999,209.35000000000036,LN1718SS46-7152-12500-DSS.csv,2026-03-27T15.07.06.8611637-LN1718SS46-8333-DMT103-TZJ501-DMTDUMMY.xml
GD2EG055JKE1,57.9,-136.2,12694.0,57.0,-135.0,12499.24,1.49999999999999,194.76000000000022,LN1718SS46-7152-12500-DSS.csv,2026-03-27T15.07.06.8611637-LN1718SS46-8333-DMT103-TZJ501-DMTDUMMY.xml
GD7LB592JKE0,0.0,-3.6,12462.0,0.0,0.0,12498.28,3.6,-36.280000000000655,LN1718SS46-7152-12500-DSS.csv,2026-03-27T15.07.06.8611637-LN1718SS46-8333-DMT103-TZJ501-DMTDUMMY.xml
GD7LB592JKE0,19.3,-19.3,12448.0,18.0,-21.0,12483.34,2.1400934559032696,-35.340000000000146,LN1718SS46-7152-12500-DSS.csv,2026-03-27T15.07.06.8611637-LN1718SS46-8333-DMT103-TZJ501-DMTDUMMY.xml
GD7LB592JKE0,19.3,19.3,12444.0,18.0,18.0,12478.79,1.8384776310850246,-34.79000000000087,LN1718SS46-7152-12500-DSS.csv,2026-03-27T15.07.06.8611637-LN1718SS46-8333-DMT103-TZJ501-DMTDUMMY.xml
GD7LB592JKE0,-47.5,-36.4,12401.0,-48.0,-36.0,12435.06,0.640312423743284,-34.05999999999949,LN1718SS46-7152-12500-DSS.csv,2026-03-27T15.07.06.8611637-LN1718SS46-8333-DMT103-TZJ501-DMTDUMMY.xml
GD7LB592JKE0,-57.9,19.3,12406.0,-57.0,18.0,12443.38,1.5811388300841893,-37.3799999999992,LN1718SS46-7152-12500-DSS.csv,2026-03-27T15.07.06.8611637-LN1718SS46-8333-DMT103-TZJ501-DMTDUMMY.xml
GD7LB592JKE0,-19.3,-57.9,12397.0,-18.0,-57.0,12435.47,1.5811388300841893,-38.469999999999345,LN1718SS46-7152-12500-DSS.csv,2026-03-27T15.07.06.8611637-LN1718SS46-8333-DMT103-TZJ501-DMTDUMMY.xml
GD7LB592JKE0,-19.3,57.9,12406.0,-18.0,57.0,12442.3,1.5811388300841893,-36.29999999999927,LN1718SS46-7152-12500-DSS.csv,2026-03-27T15.07.06.8611637-LN1718SS46-8333-DMT103-TZJ501-DMTDUMMY.xml
GD7LB592JKE0,71.2,-3.6,12379.0,72.0,-3.0,12415.36,0.9999999999999978,-36.36000000000058,LN1718SS46-7152-12500-DSS.csv,2026-03-27T15.07.06.8611637-LN1718SS46-8333-DMT103-TZJ501-DMTDUMMY.xml
GD7LB592JKE0,57.9,57.9,12351.0,57.0,57.0,12386.38,1.2727922061357835,-35.3799999999992,LN1718SS46-7152-12500-DSS.csv,2026-03-27T15.07.06.8611637-LN1718SS46-8333-DMT103-TZJ501-DMTDUMMY.xml
GD7LB592JKE0,-71.2,61.9,12368.0,-72.0,63.0,12402.64,1.3601470508735438,-34.63999999999942,LN1718SS46-7152-12500-DSS.csv,2026-03-27T15.07.06.8611637-LN1718SS46-8333-DMT103-TZJ501-DMTDUMMY.xml
GD7LB592JKE0,19.3,-96.5,12330.0,18.0,-96.0,12365.65,1.3928388277184127,-35.649999999999636,LN1718SS46-7152-12500-DSS.csv,2026-03-27T15.07.06.8611637-LN1718SS46-8333-DMT103-TZJ501-DMTDUMMY.xml
GD7LB592JKE0,19.3,96.5,12322.0,18.0,96.0,12364.06,1.3928388277184127,-42.05999999999949,LN1718SS46-7152-12500-DSS.csv,2026-03-27T15.07.06.8611637-LN1718SS46-8333-DMT103-TZJ501-DMTDUMMY.xml
GD7LB592JKE0,96.5,19.3,12339.0,96.0,18.0,12377.51,1.3928388277184127,-38.51000000000022,LN1718SS46-7152-12500-DSS.csv,2026-03-27T15.07.06.8611637-LN1718SS46-8333-DMT103-TZJ501-DMTDUMMY.xml
GD7LB592JKE0,71.2,-69.2,12327.0,72.0,-69.0,12362.72,0.82462112512353,-35.719999999999345,LN1718SS46-7152-12500-DSS.csv,2026-03-27T15.07.06.8611637-LN1718SS46-8333-DMT103-TZJ501-DMTDUMMY.xml
GD7LB592JKE0,-96.5,-57.9,12336.0,-96.0,-57.0,12370.44,1.0295630140986987,-34.44000000000051,LN1718SS46-7152-12500-DSS.csv,2026-03-27T15.07.06.8611637-LN1718SS46-8333-DMT103-TZJ501-DMTDUMMY.xml
GD7LB592JKE0,-57.9,-96.5,12326.0,-57.0,-96.0,12363.24,1.0295630140986987,-37.23999999999978,LN1718SS46-7152-12500-DSS.csv,2026-03-27T15.07.06.8611637-LN1718SS46-8333-DMT103-TZJ501-DMTDUMMY.xml
GD7LB592JKE0,-57.9,96.5,12327.0,-57.0,96.0,12363.05,1.0295630140986987,-36.04999999999927,LN1718SS46-7152-12500-DSS.csv,2026-03-27T15.07.06.8611637-LN1718SS46-8333-DMT103-TZJ501-DMTDUMMY.xml
GD7LB592JKE0,94.9,61.8,12307.0,96.0,63.0,12341.2,1.6278820596099688,-34.20000000000073,LN1718SS46-7152-12500-DSS.csv,2026-03-27T15.07.06.8611637-LN1718SS46-8333-DMT103-TZJ501-DMTDUMMY.xml
GD7LB592JKE0,-118.6,-3.6,12330.0,-120.0,-3.0,12363.85,1.523154621172787,-33.850000000000364,LN1718SS46-7152-12500-DSS.csv,2026-03-27T15.07.06.8611637-LN1718SS46-8333-DMT103-TZJ501-DMTDUMMY.xml
GD7LB592JKE0,0.0,127.4,12283.0,0.0,126.0,12323.1,1.4000000000000057,-40.100000000000364,LN1718SS46-7152-12500-DSS.csv,2026-03-27T15.07.06.8611637-LN1718SS46-8333-DMT103-TZJ501-DMTDUMMY.xml
GD7LB592JKE0,0.0,-134.7,12260.0,0.0,-135.0,12298.11,0.30000000000001137,-38.11000000000058,LN1718SS46-7152-12500-DSS.csv,2026-03-27T15.07.06.8611637-LN1718SS46-8333-DMT103-TZJ501-DMTDUMMY.xml
GD7LB592JKE0,-96.5,96.5,12316.0,-96.0,96.0,12351.75,0.7071067811865476,-35.75,LN1718SS46-7152-12500-DSS.csv,2026-03-27T15.07.06.8611637-LN1718SS46-8333-DMT103-TZJ501-DMTDUMMY.xml
GD7LB592JKE0,96.5,-96.5,12265.0,96.0,-96.0,12305.68,0.7071067811865476,-40.68000000000029,LN1718SS46-7152-12500-DSS.csv,2026-03-27T15.07.06.8611637-LN1718SS46-8333-DMT103-TZJ501-DMTDUMMY.xml
GD7LB592JKE0,136.2,19.3,12285.0,135.0,18.0,12324.25,1.769180601295406,-39.25,LN1718SS46-7152-12500-DSS.csv,2026-03-27T15.07.06.8611637-LN1718SS46-8333-DMT103-TZJ501-DMTDUMMY.xml
GD7LB592JKE0,71.2,127.4,12376.0,72.0,126.0,12386.87,1.6124515496597134,-10.8700000000008,LN1718SS46-7152-12500-DSS.csv,2026-03-27T15.07.06.8611637-LN1718SS46-8333-DMT103-TZJ501-DMTDUMMY.xml
GD7LB592JKE0,141.9,-35.9,12394.0,141.0,-36.0,12393.71,0.9055385138137475,0.2900000000008731,LN1718SS46-7152-12500-DSS.csv,2026-03-27T15.07.06.8611637-LN1718SS46-8333-DMT103-TZJ501-DMTDUMMY.xml
GD7LB592JKE0,-136.2,-57.9,12651.0,-135.0,-57.0,12469.94,1.49999999999999,181.0599999999995,LN1718SS46-7152-12500-DSS.csv,2026-03-27T15.07.06.8611637-LN1718SS46-8333-DMT103-TZJ501-DMTDUMMY.xml
GD7LB592JKE0,-136.2,57.9,12695.0,-135.0,57.0,12511.86,1.49999999999999,183.13999999999942,LN1718SS46-7152-12500-DSS.csv,2026-03-27T15.07.06.8611637-LN1718SS46-8333-DMT103-TZJ501-DMTDUMMY.xml
GD7LB592JKE0,-57.9,-136.2,12616.0,-57.0,-135.0,12439.31,1.49999999999999,176.6900000000005,LN1718SS46-7152-12500-DSS.csv,2026-03-27T15.07.06.8611637-LN1718SS46-8333-DMT103-TZJ501-DMTDUMMY.xml
GD7LB592JKE0,-57.9,136.2,12655.0,-57.0,135.0,12476.84,1.49999999999999,178.15999999999985,LN1718SS46-7152-12500-DSS.csv,2026-03-27T15.07.06.8611637-LN1718SS46-8333-DMT103-TZJ501-DMTDUMMY.xml
GD7LB592JKE0,57.9,-136.2,12606.0,57.0,-135.0,12426.0,1.49999999999999,180.0,LN1718SS46-7152-12500-DSS.csv,2026-03-27T15.07.06.8611637-LN1718SS46-8333-DMT103-TZJ501-DMTDUMMY.xml
GD2EG374JKG2,0.0,-3.6,12474.0,0.0,0.0,12507.8,3.6,-33.79999999999927,LN1718SS46-7152-12500-DSS.csv,2026-03-27T15.07.06.8611637-LN1718SS46-8333-DMT103-TZJ501-DMTDUMMY.xml
GD2EG374JKG2,19.3,-19.3,12472.0,18.0,-21.0,12499.01,2.1400934559032696,-27.01000000000022,LN1718SS46-7152-12500-DSS.csv,2026-03-27T15.07.06.8611637-LN1718SS46-8333-DMT103-TZJ501-DMTDUMMY.xml
GD2EG374JKG2,19.3,19.3,12470.0,18.0,18.0,12500.82,1.8384776310850246,-30.81999999999971,LN1718SS46-7152-12500-DSS.csv,2026-03-27T15.07.06.8611637-LN1718SS46-8333-DMT103-TZJ501-DMTDUMMY.xml
GD2EG374JKG2,-47.5,-36.4,12418.0,-48.0,-36.0,12446.29,0.640312423743284,-28.290000000000873,LN1718SS46-7152-12500-DSS.csv,2026-03-27T15.07.06.8611637-LN1718SS46-8333-DMT103-TZJ501-DMTDUMMY.xml
GD2EG374JKG2,-57.9,19.3,12414.0,-57.0,18.0,12446.69,1.5811388300841893,-32.69000000000051,LN1718SS46-7152-12500-DSS.csv,2026-03-27T15.07.06.8611637-LN1718SS46-8333-DMT103-TZJ501-DMTDUMMY.xml
GD2EG374JKG2,-19.3,-57.9,12423.0,-18.0,-57.0,12454.1,1.5811388300841893,-31.100000000000364,LN1718SS46-7152-12500-DSS.csv,2026-03-27T15.07.06.8611637-LN1718SS46-8333-DMT103-TZJ501-DMTDUMMY.xml
GD2EG374JKG2,-19.3,57.9,12412.0,-18.0,57.0,12445.05,1.5811388300841893,-33.04999999999927,LN1718SS46-7152-12500-DSS.csv,2026-03-27T15.07.06.8611637-LN1718SS46-8333-DMT103-TZJ501-DMTDUMMY.xml
GD2EG374JKG2,71.2,-3.6,12407.0,72.0,-3.0,12432.99,0.9999999999999978,-25.98999999999978,LN1718SS46-7152-12500-DSS.csv,2026-03-27T15.07.06.8611637-LN1718SS46-8333-DMT103-TZJ501-DMTDUMMY.xml
GD2EG374JKG2,57.9,57.9,12381.0,57.0,57.0,12412.58,1.2727922061357835,-31.579999999999927,LN1718SS46-7152-12500-DSS.csv,2026-03-27T15.07.06.8611637-LN1718SS46-8333-DMT103-TZJ501-DMTDUMMY.xml
GD2EG374JKG2,-71.2,61.9,12358.0,-72.0,63.0,12385.42,1.3601470508735438,-27.420000000000073,LN1718SS46-7152-12500-DSS.csv,2026-03-27T15.07.06.8611637-LN1718SS46-8333-DMT103-TZJ501-DMTDUMMY.xml
GD2EG374JKG2,19.3,-96.5,12374.0,18.0,-96.0,12406.1,1.3928388277184127,-32.100000000000364,LN1718SS46-7152-12500-DSS.csv,2026-03-27T15.07.06.8611637-LN1718SS46-8333-DMT103-TZJ501-DMTDUMMY.xml
GD2EG374JKG2,19.3,96.5,12344.0,18.0,96.0,12377.49,1.3928388277184127,-33.48999999999978,LN1718SS46-7152-12500-DSS.csv,2026-03-27T15.07.06.8611637-LN1718SS46-8333-DMT103-TZJ501-DMTDUMMY.xml
GD2EG374JKG2,96.5,19.3,12358.0,96.0,18.0,12388.71,1.3928388277184127,-30.709999999999127,LN1718SS46-7152-12500-DSS.csv,2026-03-27T15.07.06.8611637-LN1718SS46-8333-DMT103-TZJ501-DMTDUMMY.xml
GD2EG374JKG2,71.2,-69.2,12361.0,72.0,-69.0,12390.98,0.82462112512353,-29.979999999999563,LN1718SS46-7152-12500-DSS.csv,2026-03-27T15.07.06.8611637-LN1718SS46-8333-DMT103-TZJ501-DMTDUMMY.xml
GD2EG374JKG2,-96.5,-57.9,12325.0,-96.0,-57.0,12358.11,1.0295630140986987,-33.11000000000058,LN1718SS46-7152-12500-DSS.csv,2026-03-27T15.07.06.8611637-LN1718SS46-8333-DMT103-TZJ501-DMTDUMMY.xml
GD2EG374JKG2,-57.9,-96.5,12331.0,-57.0,-96.0,12363.85,1.0295630140986987,-32.850000000000364,LN1718SS46-7152-12500-DSS.csv,2026-03-27T15.07.06.8611637-LN1718SS46-8333-DMT103-TZJ501-DMTDUMMY.xml
GD2EG374JKG2,-57.9,96.5,12314.0,-57.0,96.0,12349.07,1.0295630140986987,-35.06999999999971,LN1718SS46-7152-12500-DSS.csv,2026-03-27T15.07.06.8611637-LN1718SS46-8333-DMT103-TZJ501-DMTDUMMY.xml
GD2EG374JKG2,94.9,61.8,12320.0,96.0,63.0,12351.13,1.6278820596099688,-31.1299999999992,LN1718SS46-7152-12500-DSS.csv,2026-03-27T15.07.06.8611637-LN1718SS46-8333-DMT103-TZJ501-DMTDUMMY.xml
GD2EG374JKG2,-118.6,-3.6,12315.0,-120.0,-3.0,12345.28,1.523154621172787,-30.280000000000655,LN1718SS46-7152-12500-DSS.csv,2026-03-27T15.07.06.8611637-LN1718SS46-8333-DMT103-TZJ501-DMTDUMMY.xml
GD2EG374JKG2,0.0,127.4,12281.0,0.0,126.0,12317.07,1.4000000000000057,-36.06999999999971,LN1718SS46-7152-12500-DSS.csv,2026-03-27T15.07.06.8611637-LN1718SS46-8333-DMT103-TZJ501-DMTDUMMY.xml
GD2EG374JKG2,0.0,-134.7,12307.0,0.0,-135.0,12336.02,0.30000000000001137,-29.020000000000437,LN1718SS46-7152-12500-DSS.csv,2026-03-27T15.07.06.8611637-LN1718SS46-8333-DMT103-TZJ501-DMTDUMMY.xml
GD2EG374JKG2,-96.5,96.5,12282.0,-96.0,96.0,12315.55,0.7071067811865476,-33.54999999999927,LN1718SS46-7152-12500-DSS.csv,2026-03-27T15.07.06.8611637-LN1718SS46-8333-DMT103-TZJ501-DMTDUMMY.xml
GD2EG374JKG2,96.5,-96.5,12302.0,96.0,-96.0,12337.51,0.7071067811865476,-35.51000000000022,LN1718SS46-7152-12500-DSS.csv,2026-03-27T15.07.06.8611637-LN1718SS46-8333-DMT103-TZJ501-DMTDUMMY.xml
GD2EG374JKG2,136.2,19.3,12289.0,135.0,18.0,12321.88,1.769180601295406,-32.8799999999992,LN1718SS46-7152-12500-DSS.csv,2026-03-27T15.07.06.8611637-LN1718SS46-8333-DMT103-TZJ501-DMTDUMMY.xml
GD2EG374JKG2,71.2,127.4,12381.0,72.0,126.0,12380.04,1.6124515496597134,0.9599999999991269,LN1718SS46-7152-12500-DSS.csv,2026-03-27T15.07.06.8611637-LN1718SS46-8333-DMT103-TZJ501-DMTDUMMY.xml
GD2EG374JKG2,141.9,-35.9,12416.0,141.0,-36.0,12410.07,0.9055385138137475,5.930000000000291,LN1718SS46-7152-12500-DSS.csv,2026-03-27T15.07.06.8611637-LN1718SS46-8333-DMT103-TZJ501-DMTDUMMY.xml
GD2EG374JKG2,-136.2,-57.9,12647.0,-135.0,-57.0,12464.39,1.49999999999999,182.61000000000058,LN1718SS46-7152-12500-DSS.csv,2026-03-27T15.07.06.8611637-LN1718SS46-8333-DMT103-TZJ501-DMTDUMMY.xml
GD2EG374JKG2,-136.2,57.9,12634.0,-135.0,57.0,12445.84,1.49999999999999,188.15999999999985,LN1718SS46-7152-12500-DSS.csv,2026-03-27T15.07.06.8611637-LN1718SS46-8333-DMT103-TZJ501-DMTDUMMY.xml
GD2EG374JKG2,-57.9,-136.2,12658.0,-57.0,-135.0,12471.04,1.49999999999999,186.95999999999913,LN1718SS46-7152-12500-DSS.csv,2026-03-27T15.07.06.8611637-LN1718SS46-8333-DMT103-TZJ501-DMTDUMMY.xml
GD2EG374JKG2,-57.9,136.2,12625.0,-57.0,135.0,12441.43,1.49999999999999,183.5699999999997,LN1718SS46-7152-12500-DSS.csv,2026-03-27T15.07.06.8611637-LN1718SS46-8333-DMT103-TZJ501-DMTDUMMY.xml
GD2EG374JKG2,57.9,-136.2,12665.0,57.0,-135.0,12488.5,1.49999999999999,176.5,LN1718SS46-7152-12500-DSS.csv,2026-03-27T15.07.06.8611637-LN1718SS46-8333-DMT103-TZJ501-DMTDUMMY.xml
GCAZB804MMG2,0.0,-3.6,12419.0,0.0,0.0,12447.78,3.6,-28.780000000000655,LN1718SS46-7152-12500-DSS.csv,2026-03-27T15.07.06.8611637-LN1718SS46-8333-DMT103-TZJ501-DMTDUMMY.xml
GCAZB804MMG2,19.3,-19.3,12423.0,18.0,-21.0,12453.17,2.1400934559032696,-30.170000000000073,LN1718SS46-7152-12500-DSS.csv,2026-03-27T15.07.06.8611637-LN1718SS46-8333-DMT103-TZJ501-DMTDUMMY.xml
GCAZB804MMG2,19.3,19.3,12430.0,18.0,18.0,12458.22,1.8384776310850246,-28.219999999999345,LN1718SS46-7152-12500-DSS.csv,2026-03-27T15.07.06.8611637-LN1718SS46-8333-DMT103-TZJ501-DMTDUMMY.xml
GCAZB804MMG2,-47.5,-36.4,12393.0,-48.0,-36.0,12422.93,0.640312423743284,-29.93000000000029,LN1718SS46-7152-12500-DSS.csv,2026-03-27T15.07.06.8611637-LN1718SS46-8333-DMT103-TZJ501-DMTDUMMY.xml
GCAZB804MMG2,-57.9,19.3,12393.0,-57.0,18.0,12424.99,1.5811388300841893,-31.98999999999978,LN1718SS46-7152-12500-DSS.csv,2026-03-27T15.07.06.8611637-LN1718SS46-8333-DMT103-TZJ501-DMTDUMMY.xml
GCAZB804MMG2,-19.3,-57.9,12383.0,-18.0,-57.0,12415.85,1.5811388300841893,-32.850000000000364,LN1718SS46-7152-12500-DSS.csv,2026-03-27T15.07.06.8611637-LN1718SS46-8333-DMT103-TZJ501-DMTDUMMY.xml
GCAZB804MMG2,-19.3,57.9,12384.0,-18.0,57.0,12418.39,1.5811388300841893,-34.38999999999942,LN1718SS46-7152-12500-DSS.csv,2026-03-27T15.07.06.8611637-LN1718SS46-8333-DMT103-TZJ501-DMTDUMMY.xml
GCAZB804MMG2,71.2,-3.6,12347.0,72.0,-3.0,12376.98,0.9999999999999978,-29.979999999999563,LN1718SS46-7152-12500-DSS.csv,2026-03-27T15.07.06.8611637-LN1718SS46-8333-DMT103-TZJ501-DMTDUMMY.xml
GCAZB804MMG2,57.9,57.9,12342.0,57.0,57.0,12374.69,1.2727922061357835,-32.69000000000051,LN1718SS46-7152-12500-DSS.csv,2026-03-27T15.07.06.8611637-LN1718SS46-8333-DMT103-TZJ501-DMTDUMMY.xml
GCAZB804MMG2,-71.2,61.9,12325.0,-72.0,63.0,12354.86,1.3601470508735438,-29.860000000000582,LN1718SS46-7152-12500-DSS.csv,2026-03-27T15.07.06.8611637-LN1718SS46-8333-DMT103-TZJ501-DMTDUMMY.xml
GCAZB804MMG2,19.3,-96.5,12305.0,18.0,-96.0,12338.53,1.3928388277184127,-33.530000000000655,LN1718SS46-7152-12500-DSS.csv,2026-03-27T15.07.06.8611637-LN1718SS46-8333-DMT103-TZJ501-DMTDUMMY.xml
GCAZB804MMG2,19.3,96.5,12317.0,18.0,96.0,12350.5,1.3928388277184127,-33.5,LN1718SS46-7152-12500-DSS.csv,2026-03-27T15.07.06.8611637-LN1718SS46-8333-DMT103-TZJ501-DMTDUMMY.xml
GCAZB804MMG2,96.5,19.3,12304.0,96.0,18.0,12339.2,1.3928388277184127,-35.20000000000073,LN1718SS46-7152-12500-DSS.csv,2026-03-27T15.07.06.8611637-LN1718SS46-8333-DMT103-TZJ501-DMTDUMMY.xml
GCAZB804MMG2,71.2,-69.2,12298.0,72.0,-69.0,12328.5,0.82462112512353,-30.5,LN1718SS46-7152-12500-DSS.csv,2026-03-27T15.07.06.8611637-LN1718SS46-8333-DMT103-TZJ501-DMTDUMMY.xml
GCAZB804MMG2,-96.5,-57.9,12283.0,-96.0,-57.0,12317.53,1.0295630140986987,-34.530000000000655,LN1718SS46-7152-12500-DSS.csv,2026-03-27T15.07.06.8611637-LN1718SS46-8333-DMT103-TZJ501-DMTDUMMY.xml
GCAZB804MMG2,-57.9,-96.5,12282.0,-57.0,-96.0,12318.83,1.0295630140986987,-36.82999999999993,LN1718SS46-7152-12500-DSS.csv,2026-03-27T15.07.06.8611637-LN1718SS46-8333-DMT103-TZJ501-DMTDUMMY.xml
GCAZB804MMG2,-57.9,96.5,12297.0,-57.0,96.0,12331.17,1.0295630140986987,-34.17000000000007,LN1718SS46-7152-12500-DSS.csv,2026-03-27T15.07.06.8611637-LN1718SS46-8333-DMT103-TZJ501-DMTDUMMY.xml
GCAZB804MMG2,94.9,61.8,12284.0,96.0,63.0,12315.83,1.6278820596099688,-31.829999999999927,LN1718SS46-7152-12500-DSS.csv,2026-03-27T15.07.06.8611637-LN1718SS46-8333-DMT103-TZJ501-DMTDUMMY.xml
GCAZB804MMG2,-118.6,-3.6,12284.0,-120.0,-3.0,12315.96,1.523154621172787,-31.959999999999127,LN1718SS46-7152-12500-DSS.csv,2026-03-27T15.07.06.8611637-LN1718SS46-8333-DMT103-TZJ501-DMTDUMMY.xml
GCAZB804MMG2,0.0,127.4,12284.0,0.0,126.0,12317.85,1.4000000000000057,-33.850000000000364,LN1718SS46-7152-12500-DSS.csv,2026-03-27T15.07.06.8611637-LN1718SS46-8333-DMT103-TZJ501-DMTDUMMY.xml
GCAZB804MMG2,0.0,-134.7,12256.0,0.0,-135.0,12290.3,0.30000000000001137,-34.29999999999927,LN1718SS46-7152-12500-DSS.csv,2026-03-27T15.07.06.8611637-LN1718SS46-8333-DMT103-TZJ501-DMTDUMMY.xml
GCAZB804MMG2,-96.5,96.5,12280.0,-96.0,96.0,12310.1,0.7071067811865476,-30.100000000000364,LN1718SS46-7152-12500-DSS.csv,2026-03-27T15.07.06.8611637-LN1718SS46-8333-DMT103-TZJ501-DMTDUMMY.xml
GCAZB804MMG2,96.5,-96.5,12258.0,96.0,-96.0,12290.0,0.7071067811865476,-32.0,LN1718SS46-7152-12500-DSS.csv,2026-03-27T15.07.06.8611637-LN1718SS46-8333-DMT103-TZJ501-DMTDUMMY.xml
GCAZB804MMG2,136.2,19.3,12274.0,135.0,18.0,12303.45,1.769180601295406,-29.450000000000728,LN1718SS46-7152-12500-DSS.csv,2026-03-27T15.07.06.8611637-LN1718SS46-8333-DMT103-TZJ501-DMTDUMMY.xml
GCAZB804MMG2,71.2,127.4,12393.0,72.0,126.0,12396.13,1.6124515496597134,-3.1299999999991996,LN1718SS46-7152-12500-DSS.csv,2026-03-27T15.07.06.8611637-LN1718SS46-8333-DMT103-TZJ501-DMTDUMMY.xml
GCAZB804MMG2,141.9,-35.9,12374.0,141.0,-36.0,12371.18,0.9055385138137475,2.819999999999709,LN1718SS46-7152-12500-DSS.csv,2026-03-27T15.07.06.8611637-LN1718SS46-8333-DMT103-TZJ501-DMTDUMMY.xml
GCAZB804MMG2,-136.2,-57.9,12620.0,-135.0,-57.0,12429.33,1.49999999999999,190.67000000000007,LN1718SS46-7152-12500-DSS.csv,2026-03-27T15.07.06.8611637-LN1718SS46-8333-DMT103-TZJ501-DMTDUMMY.xml
GCAZB804MMG2,-136.2,57.9,12610.0,-135.0,57.0,12424.85,1.49999999999999,185.14999999999964,LN1718SS46-7152-12500-DSS.csv,2026-03-27T15.07.06.8611637-LN1718SS46-8333-DMT103-TZJ501-DMTDUMMY.xml
GCAZB804MMG2,-57.9,-136.2,12620.0,-57.0,-135.0,12437.32,1.49999999999999,182.6800000000003,LN1718SS46-7152-12500-DSS.csv,2026-03-27T15.07.06.8611637-LN1718SS46-8333-DMT103-TZJ501-DMTDUMMY.xml
GCAZB804MMG2,-57.9,136.2,12634.0,-57.0,135.0,12451.41,1.49999999999999,182.59000000000015,LN1718SS46-7152-12500-DSS.csv,2026-03-27T15.07.06.8611637-LN1718SS46-8333-DMT103-TZJ501-DMTDUMMY.xml
GCAZB804MMG2,57.9,-136.2,12602.0,57.0,-135.0,12426.05,1.49999999999999,175.95000000000073,LN1718SS46-7152-12500-DSS.csv,2026-03-27T15.07.06.8611637-LN1718SS46-8333-DMT103-TZJ501-DMTDUMMY.xml
GD1TV233JKE1,0.0,-3.6,12446.0,0.0,0.0,12474.17,3.6,-28.170000000000073,LN1718SS46-7152-12500-DSS.csv,2026-03-27T15.07.06.8611637-LN1718SS46-8333-DMT103-TZJ501-DMTDUMMY.xml
GD1TV233JKE1,19.3,-19.3,12430.0,18.0,-21.0,12453.65,2.1400934559032696,-23.649999999999636,LN1718SS46-7152-12500-DSS.csv,2026-03-27T15.07.06.8611637-LN1718SS46-8333-DMT103-TZJ501-DMTDUMMY.xml
GD1TV233JKE1,19.3,19.3,12432.0,18.0,18.0,12457.7,1.8384776310850246,-25.700000000000728,LN1718SS46-7152-12500-DSS.csv,2026-03-27T15.07.06.8611637-LN1718SS46-8333-DMT103-TZJ501-DMTDUMMY.xml
GD1TV233JKE1,-47.5,-36.4,12387.0,-48.0,-36.0,12409.9,0.640312423743284,-22.899999999999636,LN1718SS46-7152-12500-DSS.csv,2026-03-27T15.07.06.8611637-LN1718SS46-8333-DMT103-TZJ501-DMTDUMMY.xml
GD1TV233JKE1,-57.9,19.3,12384.0,-57.0,18.0,12409.37,1.5811388300841893,-25.3700000000008,LN1718SS46-7152-12500-DSS.csv,2026-03-27T15.07.06.8611637-LN1718SS46-8333-DMT103-TZJ501-DMTDUMMY.xml
GD1TV233JKE1,-19.3,-57.9,12379.0,-18.0,-57.0,12405.5,1.5811388300841893,-26.5,LN1718SS46-7152-12500-DSS.csv,2026-03-27T15.07.06.8611637-LN1718SS46-8333-DMT103-TZJ501-DMTDUMMY.xml
GD1TV233JKE1,-19.3,57.9,12384.0,-18.0,57.0,12412.72,1.5811388300841893,-28.719999999999345,LN1718SS46-7152-12500-DSS.csv,2026-03-27T15.07.06.8611637-LN1718SS46-8333-DMT103-TZJ501-DMTDUMMY.xml
GD1TV233JKE1,71.2,-3.6,12358.0,72.0,-3.0,12381.62,0.9999999999999978,-23.6200000000008,LN1718SS46-7152-12500-DSS.csv,2026-03-27T15.07.06.8611637-LN1718SS46-8333-DMT103-TZJ501-DMTDUMMY.xml
GD1TV233JKE1,57.9,57.9,12339.0,57.0,57.0,12365.72,1.2727922061357835,-26.719999999999345,LN1718SS46-7152-12500-DSS.csv,2026-03-27T15.07.06.8611637-LN1718SS46-8333-DMT103-TZJ501-DMTDUMMY.xml
GD1TV233JKE1,-71.2,61.9,12324.0,-72.0,63.0,12348.36,1.3601470508735438,-24.360000000000582,LN1718SS46-7152-12500-DSS.csv,2026-03-27T15.07.06.8611637-LN1718SS46-8333-DMT103-TZJ501-DMTDUMMY.xml
GD1TV233JKE1,19.3,-96.5,12324.0,18.0,-96.0,12349.14,1.3928388277184127,-25.139999999999418,LN1718SS46-7152-12500-DSS.csv,2026-03-27T15.07.06.8611637-LN1718SS46-8333-DMT103-TZJ501-DMTDUMMY.xml
GD1TV233JKE1,19.3,96.5,12318.0,18.0,96.0,12343.33,1.3928388277184127,-25.329999999999927,LN1718SS46-7152-12500-DSS.csv,2026-03-27T15.07.06.8611637-LN1718SS46-8333-DMT103-TZJ501-DMTDUMMY.xml
GD1TV233JKE1,96.5,19.3,12313.0,96.0,18.0,12339.9,1.3928388277184127,-26.899999999999636,LN1718SS46-7152-12500-DSS.csv,2026-03-27T15.07.06.8611637-LN1718SS46-8333-DMT103-TZJ501-DMTDUMMY.xml
GD1TV233JKE1,71.2,-69.2,12317.0,72.0,-69.0,12343.29,0.82462112512353,-26.290000000000873,LN1718SS46-7152-12500-DSS.csv,2026-03-27T15.07.06.8611637-LN1718SS46-8333-DMT103-TZJ501-DMTDUMMY.xml
GD1TV233JKE1,-96.5,-57.9,12296.0,-96.0,-57.0,12321.73,1.0295630140986987,-25.729999999999563,LN1718SS46-7152-12500-DSS.csv,2026-03-27T15.07.06.8611637-LN1718SS46-8333-DMT103-TZJ501-DMTDUMMY.xml
GD1TV233JKE1,-57.9,-96.5,12295.0,-57.0,-96.0,12322.11,1.0295630140986987,-27.110000000000582,LN1718SS46-7152-12500-DSS.csv,2026-03-27T15.07.06.8611637-LN1718SS46-8333-DMT103-TZJ501-DMTDUMMY.xml
GD1TV233JKE1,-57.9,96.5,12298.0,-57.0,96.0,12324.76,1.0295630140986987,-26.76000000000022,LN1718SS46-7152-12500-DSS.csv,2026-03-27T15.07.06.8611637-LN1718SS46-8333-DMT103-TZJ501-DMTDUMMY.xml
GD1TV233JKE1,94.9,61.8,12290.0,96.0,63.0,12313.6,1.6278820596099688,-23.600000000000364,LN1718SS46-7152-12500-DSS.csv,2026-03-27T15.07.06.8611637-LN1718SS46-8333-DMT103-TZJ501-DMTDUMMY.xml
GD1TV233JKE1,-118.6,-3.6,12283.0,-120.0,-3.0,12307.63,1.523154621172787,-24.6299999999992,LN1718SS46-7152-12500-DSS.csv,2026-03-27T15.07.06.8611637-LN1718SS46-8333-DMT103-TZJ501-DMTDUMMY.xml
GD1TV233JKE1,0.0,127.4,12275.0,0.0,126.0,12301.95,1.4000000000000057,-26.950000000000728,LN1718SS46-7152-12500-DSS.csv,2026-03-27T15.07.06.8611637-LN1718SS46-8333-DMT103-TZJ501-DMTDUMMY.xml
GD1TV233JKE1,0.0,-134.7,12276.0,0.0,-135.0,12304.01,0.30000000000001137,-28.01000000000022,LN1718SS46-7152-12500-DSS.csv,2026-03-27T15.07.06.8611637-LN1718SS46-8333-DMT103-TZJ501-DMTDUMMY.xml
GD1TV233JKE1,-96.5,96.5,12280.0,-96.0,96.0,12304.81,0.7071067811865476,-24.80999999999949,LN1718SS46-7152-12500-DSS.csv,2026-03-27T15.07.06.8611637-LN1718SS46-8333-DMT103-TZJ501-DMTDUMMY.xml
GD1TV233JKE1,96.5,-96.5,12280.0,96.0,-96.0,12305.59,0.7071067811865476,-25.590000000000146,LN1718SS46-7152-12500-DSS.csv,2026-03-27T15.07.06.8611637-LN1718SS46-8333-DMT103-TZJ501-DMTDUMMY.xml
GD1TV233JKE1,136.2,19.3,12268.0,135.0,18.0,12291.41,1.769180601295406,-23.409999999999854,LN1718SS46-7152-12500-DSS.csv,2026-03-27T15.07.06.8611637-LN1718SS46-8333-DMT103-TZJ501-DMTDUMMY.xml
GD1TV233JKE1,71.2,127.4,12392.0,72.0,126.0,12369.56,1.6124515496597134,22.44000000000051,LN1718SS46-7152-12500-DSS.csv,2026-03-27T15.07.06.8611637-LN1718SS46-8333-DMT103-TZJ501-DMTDUMMY.xml
GD1TV233JKE1,141.9,-35.9,12397.0,141.0,-36.0,12382.75,0.9055385138137475,14.25,LN1718SS46-7152-12500-DSS.csv,2026-03-27T15.07.06.8611637-LN1718SS46-8333-DMT103-TZJ501-DMTDUMMY.xml
GD1TV233JKE1,-136.2,-57.9,12628.0,-135.0,-57.0,12430.83,1.49999999999999,197.17000000000007,LN1718SS46-7152-12500-DSS.csv,2026-03-27T15.07.06.8611637-LN1718SS46-8333-DMT103-TZJ501-DMTDUMMY.xml
GD1TV233JKE1,-136.2,57.9,12624.0,-135.0,57.0,12425.51,1.49999999999999,198.48999999999978,LN1718SS46-7152-12500-DSS.csv,2026-03-27T15.07.06.8611637-LN1718SS46-8333-DMT103-TZJ501-DMTDUMMY.xml
GD1TV233JKE1,-57.9,-136.2,12634.0,-57.0,-135.0,12441.32,1.49999999999999,192.6800000000003,LN1718SS46-7152-12500-DSS.csv,2026-03-27T15.07.06.8611637-LN1718SS46-8333-DMT103-TZJ501-DMTDUMMY.xml
GD1TV233JKE1,-57.9,136.2,12646.0,-57.0,135.0,12433.95,1.49999999999999,212.04999999999927,LN1718SS46-7152-12500-DSS.csv,2026-03-27T15.07.06.8611637-LN1718SS46-8333-DMT103-TZJ501-DMTDUMMY.xml
GD1TV233JKE1,57.9,-136.2,12644.0,57.0,-135.0,12455.15,1.49999999999999,188.85000000000036,LN1718SS46-7152-12500-DSS.csv,2026-03-27T15.07.06.8611637-LN1718SS46-8333-DMT103-TZJ501-DMTDUMMY.xml
